"device_id","date","hour","battery_level","notifications","session_count"
"10a38b2ac882353c","2016-01-11",17,45,11,22
"10a38b2ac882353c","2016-01-11",18,40,9,27
"10a38b2ac882353c","2016-01-11",19,35,8,31
"10a38b2ac882353c","2016-01-11",20,25,9,18
"10a38b2ac882353c","2016-01-11",21,85,13,60
"10a38b2ac882353c","2016-01-11",22,80,23,33
"10a38b2ac882353c","2016-01-11",23,95,185,29
"10a38b2ac882353c","2016-01-12",0,85,24,48
"10a38b2ac882353c","2016-01-12",1,85,6,4
"10a38b2ac882353c","2016-01-12",2,80,13,10
"10a38b2ac882353c","2016-01-12",3,80,2,3
"10a38b2ac882353c","2016-01-12",4,75,15,11
"10a38b2ac882353c","2016-01-12",5,70,39,13
"10a38b2ac882353c","2016-01-12",6,75,69,58
"10a38b2ac882353c","2016-01-12",7,85,4,52
"10a38b2ac882353c","2016-01-12",8,70,11,17
"10a38b2ac882353c","2016-01-12",9,65,4,9
"10a38b2ac882353c","2016-01-12",10,60,16,15
"10a38b2ac882353c","2016-01-12",12,50,17,28
"10a38b2ac882353c","2016-01-12",13,50,7,14
"10a38b2ac882353c","2016-01-12",14,45,25,7
"10a38b2ac882353c","2016-01-12",15,40,45,8
"10a38b2ac882353c","2016-01-12",16,40,51,16
"10a38b2ac882353c","2016-01-12",17,60,12,4
"10a38b2ac882353c","2016-01-12",18,55,20,10
"10a38b2ac882353c","2016-01-12",19,80,9,31
"10a38b2ac882353c","2016-01-12",20,95,7,7
"10a38b2ac882353c","2016-01-12",21,90,23,19
"10a38b2ac882353c","2016-01-12",22,95,7,6
"10a38b2ac882353c","2016-01-13",0,90,3,2
"10a38b2ac882353c","2016-01-13",1,90,3,NA
"10a38b2ac882353c","2016-01-13",5,85,21,2
"10a38b2ac882353c","2016-01-13",6,80,34,8
"10a38b2ac882353c","2016-01-13",8,75,9,8
"10a38b2ac882353c","2016-01-13",9,75,6,10
"10a38b2ac882353c","2016-01-13",10,70,4,6
"10a38b2ac882353c","2016-01-13",11,65,NA,3
"10a38b2ac882353c","2016-01-13",12,60,7,16
"10a38b2ac882353c","2016-01-13",13,55,62,35
"10a38b2ac882353c","2016-01-13",14,45,24,15
"10a38b2ac882353c","2016-01-13",16,35,37,14
"10a38b2ac882353c","2016-01-13",17,25,20,6
"10a38b2ac882353c","2016-01-13",18,20,39,7
"10a38b2ac882353c","2016-01-13",19,40,18,4
"10a38b2ac882353c","2016-01-13",20,65,18,23
"10a38b2ac882353c","2016-01-21",22,50,NA,3
"10a38b2ac882353c","2016-01-22",2,45,NA,1
"10a38b2ac882353c","2016-01-22",4,40,NA,NA
"10a38b2ac882353c","2016-01-22",5,40,NA,11
"10a38b2ac882353c","2016-01-22",6,35,NA,3
"10a38b2ac882353c","2016-01-22",8,85,NA,3
"10a38b2ac882353c","2016-01-22",9,85,NA,1
"10a38b2ac882353c","2016-01-22",11,80,NA,NA
"10a38b2ac882353c","2016-01-22",12,80,NA,8
"10a38b2ac882353c","2016-01-22",13,75,NA,3
"10a38b2ac882353c","2016-01-22",14,75,NA,7
"10a38b2ac882353c","2016-01-22",15,70,NA,4
"10a38b2ac882353c","2016-01-22",17,65,NA,2
"10a38b2ac882353c","2016-01-22",18,60,NA,5
"10a38b2ac882353c","2016-01-22",21,55,NA,7
"11089d01dd0d954e","2016-04-22",19,95,25,NA
"11089d01dd0d954e","2016-04-22",20,80,24,2
"11089d01dd0d954e","2016-04-23",3,60,36,6
"11089d01dd0d954e","2016-04-23",4,100,20,27
"11089d01dd0d954e","2016-04-23",5,90,10,26
"11089d01dd0d954e","2016-04-23",7,80,41,8
"11089d01dd0d954e","2016-04-23",8,75,27,10
"11089d01dd0d954e","2016-04-23",10,55,10,10
"11089d01dd0d954e","2016-04-23",13,40,NA,NA
"11089d01dd0d954e","2016-04-23",16,20,17,1
"11089d01dd0d954e","2016-04-23",18,10,48,NA
"11091721ea79dbdf","2016-04-24",9,65,12,5
"11091721ea79dbdf","2016-04-24",11,60,4,7
"11091721ea79dbdf","2016-04-24",13,55,2,7
"11091721ea79dbdf","2016-04-24",14,50,1,15
"11091721ea79dbdf","2016-04-24",15,45,5,7
"11091721ea79dbdf","2016-04-24",16,40,9,6
"11091721ea79dbdf","2016-04-24",18,35,7,15
"11091721ea79dbdf","2016-04-24",19,30,1,7
"11091721ea79dbdf","2016-04-24",20,30,NA,7
"11091721ea79dbdf","2016-04-24",21,75,3,NA
"11091721ea79dbdf","2016-04-24",22,100,1,NA
"11091721ea79dbdf","2016-04-24",23,100,NA,NA
"11091721ea79dbdf","2016-04-25",0,100,2,NA
"11091721ea79dbdf","2016-04-25",1,100,1,NA
"11091721ea79dbdf","2016-04-25",2,100,1,NA
"11091721ea79dbdf","2016-04-25",3,100,5,5
"11091721ea79dbdf","2016-04-25",4,100,27,29
"11091721ea79dbdf","2016-04-25",5,95,20,10
"11091721ea79dbdf","2016-04-25",6,90,12,NA
"11091721ea79dbdf","2016-04-25",7,85,4,2
"11091721ea79dbdf","2016-04-25",9,80,12,5
"11091721ea79dbdf","2016-04-25",10,75,1,3
"11091721ea79dbdf","2016-04-25",12,70,3,7
"11091721ea79dbdf","2016-04-25",13,65,24,3
"11091721ea79dbdf","2016-04-25",15,60,5,8
"11091721ea79dbdf","2016-04-25",16,55,16,20
"11091721ea79dbdf","2016-04-25",17,50,NA,13
"11091721ea79dbdf","2016-04-25",19,45,NA,3
"11091721ea79dbdf","2016-04-25",20,45,NA,5
"11091721ea79dbdf","2016-04-26",21,100,2,NA
"11091721ea79dbdf","2016-04-26",22,100,NA,NA
"11091721ea79dbdf","2016-04-26",23,100,12,NA
"11091721ea79dbdf","2016-04-27",0,100,NA,NA
"11091721ea79dbdf","2016-04-27",1,100,NA,NA
"11091721ea79dbdf","2016-04-27",2,100,1,NA
"11091721ea79dbdf","2016-04-27",3,100,6,3
"11091721ea79dbdf","2016-04-27",4,100,3,8
"11091721ea79dbdf","2016-04-27",5,95,15,2
"11091721ea79dbdf","2016-04-27",6,95,17,3
"11091721ea79dbdf","2016-04-27",7,90,8,2
"11091721ea79dbdf","2016-04-27",8,90,13,2
"11091721ea79dbdf","2016-04-27",10,85,10,2
"11091721ea79dbdf","2016-04-27",11,80,4,1
"11091721ea79dbdf","2016-04-27",13,75,9,5
"11091721ea79dbdf","2016-04-27",15,70,8,19
"11091721ea79dbdf","2016-04-27",16,65,2,NA
"11091721ea79dbdf","2016-04-27",17,65,21,10
"11091721ea79dbdf","2016-04-27",18,60,26,6
"11091721ea79dbdf","2016-04-27",19,55,13,3
"11091721ea79dbdf","2016-04-27",20,55,1,3
"11091721ea79dbdf","2016-04-27",21,85,NA,NA
"11091721ea79dbdf","2016-04-27",22,100,1,NA
"11091721ea79dbdf","2016-04-27",23,100,NA,NA
"11091721ea79dbdf","2016-04-28",0,100,NA,NA
"11091721ea79dbdf","2016-04-28",1,100,NA,NA
"11091721ea79dbdf","2016-04-28",2,100,1,NA
"11091721ea79dbdf","2016-04-28",3,100,6,2
"11091721ea79dbdf","2016-04-28",4,100,20,11
"11091721ea79dbdf","2016-04-28",5,95,25,4
"11091721ea79dbdf","2016-04-28",6,90,17,2
"11091721ea79dbdf","2016-04-28",7,85,24,8
"11091721ea79dbdf","2016-04-28",8,85,17,3
"11091721ea79dbdf","2016-04-28",9,80,19,8
"11091721ea79dbdf","2016-04-28",10,75,8,1
"11091721ea79dbdf","2016-04-28",12,70,11,6
"11091721ea79dbdf","2016-04-28",13,65,27,7
"11091721ea79dbdf","2016-04-28",14,60,35,10
"11091721ea79dbdf","2016-04-28",15,55,7,6
"11091721ea79dbdf","2016-04-28",16,50,1,4
"11091721ea79dbdf","2016-04-28",17,45,6,6
"11091721ea79dbdf","2016-04-28",18,40,11,9
"11091721ea79dbdf","2016-04-28",19,40,NA,1
"11091721ea79dbdf","2016-04-28",20,35,2,2
"11091721ea79dbdf","2016-04-28",21,65,8,NA
"11091721ea79dbdf","2016-04-28",22,100,5,NA
"11091721ea79dbdf","2016-04-28",23,100,2,NA
"11091721ea79dbdf","2016-04-29",0,100,NA,NA
"11091721ea79dbdf","2016-04-29",1,100,4,NA
"11091721ea79dbdf","2016-04-29",2,100,4,NA
"11091721ea79dbdf","2016-04-29",3,100,4,1
"11091721ea79dbdf","2016-04-29",4,100,12,NA
"11091721ea79dbdf","2016-04-29",5,100,18,NA
"11091721ea79dbdf","2016-04-29",6,100,12,NA
"11091721ea79dbdf","2016-04-29",7,100,4,NA
"11091721ea79dbdf","2016-04-29",8,100,8,NA
"11091721ea79dbdf","2016-04-29",9,100,11,NA
"11091721ea79dbdf","2016-04-29",10,100,6,NA
"11091721ea79dbdf","2016-04-29",11,100,7,NA
"11091721ea79dbdf","2016-04-29",12,100,4,NA
"11091721ea79dbdf","2016-04-29",13,100,9,NA
"11091721ea79dbdf","2016-04-29",14,100,4,NA
"11091721ea79dbdf","2016-04-29",15,100,NA,NA
"11091721ea79dbdf","2016-04-29",16,100,NA,NA
"11091721ea79dbdf","2016-04-29",17,100,1,1
"11091721ea79dbdf","2016-04-29",18,100,6,NA
"11091721ea79dbdf","2016-04-29",19,100,NA,NA
"11091721ea79dbdf","2016-04-29",20,100,NA,NA
"11091721ea79dbdf","2016-04-29",21,100,18,1
"11091721ea79dbdf","2016-04-29",22,100,1,NA
"11091721ea79dbdf","2016-04-29",23,100,NA,NA
"11091721ea79dbdf","2016-04-30",0,100,2,NA
"11091721ea79dbdf","2016-04-30",1,100,NA,NA
"11091721ea79dbdf","2016-04-30",2,100,NA,NA
"11091721ea79dbdf","2016-04-30",3,100,3,NA
"11091721ea79dbdf","2016-04-30",4,100,NA,NA
"11091721ea79dbdf","2016-04-30",5,100,5,NA
"11091721ea79dbdf","2016-04-30",6,100,NA,NA
"11091721ea79dbdf","2016-04-30",7,100,NA,NA
"11091721ea79dbdf","2016-04-30",8,100,NA,NA
"11091721ea79dbdf","2016-04-30",9,100,NA,NA
"11091721ea79dbdf","2016-04-30",10,100,NA,NA
"11091721ea79dbdf","2016-04-30",11,100,NA,NA
"11091721ea79dbdf","2016-04-30",12,100,1,NA
"11091721ea79dbdf","2016-04-30",13,100,NA,NA
"11091721ea79dbdf","2016-04-30",14,100,11,NA
"11091721ea79dbdf","2016-04-30",15,100,9,NA
"11091721ea79dbdf","2016-04-30",16,100,NA,NA
"11091721ea79dbdf","2016-04-30",17,100,NA,NA
"11091721ea79dbdf","2016-04-30",18,100,NA,NA
"11091721ea79dbdf","2016-04-30",19,100,1,NA
"11091721ea79dbdf","2016-04-30",20,100,2,NA
"11091721ea79dbdf","2016-04-30",21,100,1,NA
"11091721ea79dbdf","2016-04-30",22,100,NA,NA
"11091721ea79dbdf","2016-04-30",23,100,NA,NA
"11091721ea79dbdf","2016-05-01",0,100,NA,NA
"11091721ea79dbdf","2016-05-01",1,100,NA,NA
"11091721ea79dbdf","2016-05-01",2,100,1,NA
"11091721ea79dbdf","2016-05-01",3,100,1,NA
"11091721ea79dbdf","2016-05-01",4,100,3,NA
"11091721ea79dbdf","2016-05-01",5,100,4,NA
"11091721ea79dbdf","2016-05-01",6,100,1,NA
"11091721ea79dbdf","2016-05-01",7,100,NA,NA
"11091721ea79dbdf","2016-05-01",8,100,1,NA
"11091721ea79dbdf","2016-05-01",9,100,4,1
"11091721ea79dbdf","2016-05-01",10,100,7,NA
"11091721ea79dbdf","2016-05-01",11,100,3,NA
"11091721ea79dbdf","2016-05-01",12,100,2,NA
"11091721ea79dbdf","2016-05-01",13,100,6,NA
"11091721ea79dbdf","2016-05-01",14,100,NA,NA
"11091721ea79dbdf","2016-05-01",15,100,5,NA
"11091721ea79dbdf","2016-05-01",16,100,1,NA
"11091721ea79dbdf","2016-05-01",17,100,3,NA
"11091721ea79dbdf","2016-05-01",18,100,5,NA
"11091721ea79dbdf","2016-05-01",19,100,3,1
"11091721ea79dbdf","2016-05-01",20,100,3,NA
"11091721ea79dbdf","2016-05-01",21,100,2,NA
"11091721ea79dbdf","2016-05-01",22,100,1,NA
"11091721ea79dbdf","2016-05-01",23,100,2,NA
"11091721ea79dbdf","2016-05-02",0,100,NA,NA
"11091721ea79dbdf","2016-05-02",1,100,NA,NA
"11091721ea79dbdf","2016-05-02",2,100,1,NA
"11091721ea79dbdf","2016-05-02",3,100,8,2
"11091721ea79dbdf","2016-05-02",4,95,20,23
"11091721ea79dbdf","2016-05-02",5,90,35,27
"11091721ea79dbdf","2016-05-02",6,85,12,3
"11091721ea79dbdf","2016-05-02",7,85,26,6
"11091721ea79dbdf","2016-05-02",8,80,6,9
"11091721ea79dbdf","2016-05-02",9,75,8,9
"11091721ea79dbdf","2016-05-02",10,70,9,7
"11091721ea79dbdf","2016-05-02",12,65,5,6
"11091721ea79dbdf","2016-05-02",13,60,58,7
"11091721ea79dbdf","2016-05-02",14,55,10,16
"11091721ea79dbdf","2016-05-02",15,50,8,13
"11091721ea79dbdf","2016-05-02",16,45,1,15
"11091721ea79dbdf","2016-05-02",17,40,2,28
"11091721ea79dbdf","2016-05-02",18,35,NA,12
"11091721ea79dbdf","2016-05-02",19,30,1,4
"11091721ea79dbdf","2016-05-02",20,60,3,NA
"11091721ea79dbdf","2016-05-02",21,100,NA,NA
"11091721ea79dbdf","2016-05-02",22,100,2,NA
"11091721ea79dbdf","2016-05-02",23,100,NA,NA
"11091721ea79dbdf","2016-05-03",0,100,1,NA
"11091721ea79dbdf","2016-05-03",1,100,NA,NA
"11091721ea79dbdf","2016-05-03",2,100,1,NA
"11091721ea79dbdf","2016-05-03",3,100,5,2
"11091721ea79dbdf","2016-05-03",4,100,22,23
"11091721ea79dbdf","2016-05-03",5,95,35,12
"11091721ea79dbdf","2016-05-03",6,90,16,3
"11091721ea79dbdf","2016-05-03",7,85,161,5
"11091721ea79dbdf","2016-05-03",8,80,12,5
"11091721ea79dbdf","2016-05-03",9,75,30,4
"11091721ea79dbdf","2016-05-03",11,70,15,8
"11091721ea79dbdf","2016-05-03",12,65,28,6
"11091721ea79dbdf","2016-05-03",13,60,39,3
"11091721ea79dbdf","2016-05-03",14,55,9,16
"11091721ea79dbdf","2016-05-03",15,50,2,5
"11091721ea79dbdf","2016-05-03",16,50,18,4
"11091721ea79dbdf","2016-05-03",17,45,1,5
"11091721ea79dbdf","2016-05-03",18,40,6,8
"11091721ea79dbdf","2016-05-03",19,35,NA,10
"11091721ea79dbdf","2016-05-03",20,30,1,8
"11091721ea79dbdf","2016-05-03",21,45,NA,NA
"11091721ea79dbdf","2016-05-03",22,100,1,NA
"11091721ea79dbdf","2016-05-03",23,100,1,NA
"11091721ea79dbdf","2016-05-04",0,100,NA,NA
"11091721ea79dbdf","2016-05-04",1,100,NA,NA
"11091721ea79dbdf","2016-05-04",2,100,1,NA
"11091721ea79dbdf","2016-05-04",3,100,6,2
"11091721ea79dbdf","2016-05-04",4,100,11,10
"11091721ea79dbdf","2016-05-04",5,95,16,18
"11091721ea79dbdf","2016-05-04",6,90,8,1
"11091721ea79dbdf","2016-05-04",7,85,16,2
"11091721ea79dbdf","2016-05-04",8,85,8,3
"11091721ea79dbdf","2016-05-04",9,80,22,7
"11091721ea79dbdf","2016-05-04",10,75,8,NA
"11091721ea79dbdf","2016-05-04",12,70,11,5
"11091721ea79dbdf","2016-05-04",13,65,13,10
"11091721ea79dbdf","2016-05-04",14,60,2,5
"11091721ea79dbdf","2016-05-04",15,60,2,18
"11091721ea79dbdf","2016-05-04",16,55,1,NA
"11091721ea79dbdf","2016-05-04",17,50,1,9
"11091721ea79dbdf","2016-05-04",18,45,37,18
"11091721ea79dbdf","2016-05-04",19,40,5,3
"11091721ea79dbdf","2016-05-04",20,40,7,4
"11091721ea79dbdf","2016-05-04",21,70,4,NA
"11091721ea79dbdf","2016-05-04",22,100,5,NA
"11091721ea79dbdf","2016-05-04",23,100,3,NA
"11091721ea79dbdf","2016-05-05",0,100,2,NA
"11091721ea79dbdf","2016-05-05",1,100,3,NA
"11091721ea79dbdf","2016-05-05",2,100,1,NA
"11091721ea79dbdf","2016-05-05",3,100,6,2
"11091721ea79dbdf","2016-05-05",4,100,25,12
"11091721ea79dbdf","2016-05-05",5,95,19,9
"11091721ea79dbdf","2016-05-05",7,90,10,1
"11091721ea79dbdf","2016-05-05",8,85,9,5
"11091721ea79dbdf","2016-05-05",9,80,8,3
"11091721ea79dbdf","2016-05-05",10,80,12,3
"11091721ea79dbdf","2016-05-05",11,75,6,NA
"11091721ea79dbdf","2016-05-05",13,70,13,3
"11091721ea79dbdf","2016-05-05",14,65,9,15
"11091721ea79dbdf","2016-05-05",15,60,4,2
"11091721ea79dbdf","2016-05-05",16,55,3,6
"11091721ea79dbdf","2016-05-05",17,55,2,8
"11091721ea79dbdf","2016-05-05",18,50,NA,2
"11091721ea79dbdf","2016-05-05",19,45,19,7
"11091721ea79dbdf","2016-05-05",20,80,3,NA
"11091721ea79dbdf","2016-05-05",21,100,NA,NA
"11091721ea79dbdf","2016-05-05",22,100,NA,NA
"11091721ea79dbdf","2016-05-05",23,100,NA,NA
"11091721ea79dbdf","2016-05-06",0,100,NA,NA
"11091721ea79dbdf","2016-05-06",1,100,NA,NA
"11091721ea79dbdf","2016-05-06",2,100,3,NA
"11091721ea79dbdf","2016-05-06",3,100,5,2
"11091721ea79dbdf","2016-05-06",4,100,14,22
"11091721ea79dbdf","2016-05-06",5,95,NA,9
"11091721ea79dbdf","2016-05-06",6,90,NA,3
"11091721ea79dbdf","2016-05-06",7,85,NA,4
"11091721ea79dbdf","2016-05-06",8,85,NA,9
"11091721ea79dbdf","2016-05-06",9,80,NA,7
"11091721ea79dbdf","2016-05-06",11,75,NA,3
"11091721ea79dbdf","2016-05-06",12,70,8,25
"11091721ea79dbdf","2016-05-06",13,60,43,12
"11091721ea79dbdf","2016-05-06",14,55,7,8
"11091721ea79dbdf","2016-05-06",15,50,NA,9
"11091721ea79dbdf","2016-05-06",16,45,6,12
"11091721ea79dbdf","2016-05-06",17,35,11,5
"11091721ea79dbdf","2016-05-06",18,30,4,3
"11091721ea79dbdf","2016-05-06",20,25,3,10
"11091721ea79dbdf","2016-05-06",21,25,18,2
"11091721ea79dbdf","2016-05-06",22,75,3,NA
"11091721ea79dbdf","2016-05-06",23,100,3,NA
"11091721ea79dbdf","2016-05-07",0,100,1,NA
"11091721ea79dbdf","2016-05-07",1,100,NA,NA
"11091721ea79dbdf","2016-05-07",2,100,3,NA
"11091721ea79dbdf","2016-05-07",3,100,2,NA
"11091721ea79dbdf","2016-05-07",4,100,2,NA
"11091721ea79dbdf","2016-05-07",5,100,5,8
"11091721ea79dbdf","2016-05-07",6,95,14,8
"11091721ea79dbdf","2016-05-07",7,95,8,13
"11091721ea79dbdf","2016-05-07",8,90,NA,11
"11091721ea79dbdf","2016-05-07",9,85,2,23
"11091721ea79dbdf","2016-05-07",11,80,4,13
"11091721ea79dbdf","2016-05-07",12,70,83,16
"11091721ea79dbdf","2016-05-07",13,65,21,9
"11091721ea79dbdf","2016-05-07",14,60,10,16
"11091721ea79dbdf","2016-05-07",16,55,73,10
"11091721ea79dbdf","2016-05-07",17,50,53,9
"11091721ea79dbdf","2016-05-07",18,45,15,13
"11091721ea79dbdf","2016-05-07",19,40,3,12
"11091721ea79dbdf","2016-05-07",20,50,NA,NA
"11091721ea79dbdf","2016-05-07",21,100,1,NA
"11091721ea79dbdf","2016-05-07",22,100,NA,NA
"11091721ea79dbdf","2016-05-07",23,100,NA,NA
"11091721ea79dbdf","2016-05-08",0,100,2,NA
"11091721ea79dbdf","2016-05-08",1,100,1,NA
"11091721ea79dbdf","2016-05-08",2,100,1,NA
"11091721ea79dbdf","2016-05-08",3,100,2,NA
"11091721ea79dbdf","2016-05-08",4,100,2,NA
"11091721ea79dbdf","2016-05-08",5,100,5,10
"11091721ea79dbdf","2016-05-08",6,95,36,13
"11091721ea79dbdf","2016-05-08",7,90,NA,16
"11091721ea79dbdf","2016-05-08",8,85,33,6
"11091721ea79dbdf","2016-05-08",9,80,7,2
"11091721ea79dbdf","2016-05-08",11,75,9,2
"11091721ea79dbdf","2016-05-08",12,70,5,9
"11091721ea79dbdf","2016-05-08",13,65,4,10
"11091721ea79dbdf","2016-05-08",14,55,3,19
"11091721ea79dbdf","2016-05-08",15,50,5,5
"11091721ea79dbdf","2016-05-08",16,45,2,6
"11091721ea79dbdf","2016-05-08",18,40,4,20
"11091721ea79dbdf","2016-05-08",19,35,2,10
"11091721ea79dbdf","2016-05-08",20,45,2,NA
"11091721ea79dbdf","2016-05-09",21,100,2,NA
"11091721ea79dbdf","2016-05-09",22,100,NA,NA
"11091721ea79dbdf","2016-05-09",23,100,1,NA
"11091721ea79dbdf","2016-05-10",0,100,1,8
"11091721ea79dbdf","2016-05-10",2,95,3,7
"11091721ea79dbdf","2016-05-10",3,90,1,3
"11091721ea79dbdf","2016-05-10",4,90,7,2
"11091721ea79dbdf","2016-05-10",5,85,21,9
"11091721ea79dbdf","2016-05-10",6,80,13,10
"11091721ea79dbdf","2016-05-10",7,75,12,8
"11091721ea79dbdf","2016-05-10",8,75,NA,5
"11091721ea79dbdf","2016-05-10",9,70,10,17
"11091721ea79dbdf","2016-05-10",10,65,30,5
"11091721ea79dbdf","2016-05-10",11,65,39,3
"11091721ea79dbdf","2016-05-10",12,60,11,4
"11091721ea79dbdf","2016-05-10",13,55,5,6
"11091721ea79dbdf","2016-05-10",14,50,1,7
"11091721ea79dbdf","2016-05-10",15,50,1,4
"11091721ea79dbdf","2016-05-10",16,45,NA,2
"11091721ea79dbdf","2016-05-10",18,40,NA,1
"11091721ea79dbdf","2016-05-10",19,35,2,3
"11091721ea79dbdf","2016-05-10",20,35,11,3
"11091721ea79dbdf","2016-05-11",21,100,2,NA
"11091721ea79dbdf","2016-05-11",22,100,1,NA
"11091721ea79dbdf","2016-05-11",23,100,NA,NA
"11091721ea79dbdf","2016-05-12",0,100,2,1
"11091721ea79dbdf","2016-05-12",2,95,1,NA
"11091721ea79dbdf","2016-05-12",3,95,8,5
"11091721ea79dbdf","2016-05-12",4,100,9,8
"11091721ea79dbdf","2016-05-12",5,95,35,8
"11091721ea79dbdf","2016-05-12",6,90,32,11
"11091721ea79dbdf","2016-05-12",7,90,4,19
"11091721ea79dbdf","2016-05-12",8,85,11,7
"11091721ea79dbdf","2016-05-12",9,80,2,5
"11091721ea79dbdf","2016-05-12",10,75,4,4
"11091721ea79dbdf","2016-05-12",12,70,10,2
"11091721ea79dbdf","2016-05-12",13,65,45,7
"11091721ea79dbdf","2016-05-12",14,60,11,6
"11091721ea79dbdf","2016-05-12",15,65,4,9
"11091721ea79dbdf","2016-05-12",16,80,NA,3
"11091721ea79dbdf","2016-05-12",17,80,9,9
"11091721ea79dbdf","2016-05-12",18,75,1,5
"11091721ea79dbdf","2016-05-12",19,75,3,2
"11091721ea79dbdf","2016-05-12",20,85,1,NA
"11091721ea79dbdf","2016-05-13",21,30,17,11
"11091721ea79dbdf","2016-05-13",22,25,2,15
"11091721ea79dbdf","2016-05-13",23,20,11,1
"11091721ea79dbdf","2016-05-14",0,45,53,NA
"11091721ea79dbdf","2016-05-14",1,90,1,NA
"11091721ea79dbdf","2016-05-14",2,100,2,2
"11091721ea79dbdf","2016-05-14",3,100,35,9
"11091721ea79dbdf","2016-05-14",4,95,7,13
"11091721ea79dbdf","2016-05-14",5,90,7,2
"11091721ea79dbdf","2016-05-14",6,85,4,10
"11091721ea79dbdf","2016-05-14",7,80,NA,2
"11091721ea79dbdf","2016-05-14",8,75,16,6
"11091721ea79dbdf","2016-05-14",9,70,5,11
"11091721ea79dbdf","2016-05-14",10,65,17,1
"11091721ea79dbdf","2016-05-14",12,55,2,13
"11091721ea79dbdf","2016-05-14",14,50,1,7
"11091721ea79dbdf","2016-05-14",15,45,1,9
"11091721ea79dbdf","2016-05-14",16,40,3,2
"11091721ea79dbdf","2016-05-14",17,35,3,12
"11091721ea79dbdf","2016-05-14",18,30,10,11
"11091721ea79dbdf","2016-05-14",19,25,1,10
"11091721ea79dbdf","2016-05-14",20,20,NA,9
"11091721ea79dbdf","2016-05-14",21,20,1,6
"11091721ea79dbdf","2016-05-14",22,60,1,NA
"11091721ea79dbdf","2016-05-14",23,100,NA,NA
"11091721ea79dbdf","2016-05-15",0,100,NA,NA
"11091721ea79dbdf","2016-05-15",1,100,NA,NA
"11091721ea79dbdf","2016-05-15",2,100,NA,NA
"11091721ea79dbdf","2016-05-15",3,100,6,NA
"11091721ea79dbdf","2016-05-15",4,100,NA,NA
"11091721ea79dbdf","2016-05-15",5,100,1,1
"11091721ea79dbdf","2016-05-15",6,100,2,NA
"11091721ea79dbdf","2016-05-15",7,100,3,NA
"11091721ea79dbdf","2016-05-15",8,100,NA,NA
"11091721ea79dbdf","2016-05-15",9,100,NA,NA
"11091721ea79dbdf","2016-05-15",10,100,6,NA
"11091721ea79dbdf","2016-05-15",11,100,NA,NA
"11091721ea79dbdf","2016-05-15",12,100,NA,NA
"11091721ea79dbdf","2016-05-15",13,100,2,NA
"11091721ea79dbdf","2016-05-15",14,100,4,NA
"11091721ea79dbdf","2016-05-15",15,100,4,NA
"11091721ea79dbdf","2016-05-15",16,100,2,NA
"11091721ea79dbdf","2016-05-15",17,100,2,NA
"11091721ea79dbdf","2016-05-15",18,100,4,NA
"11091721ea79dbdf","2016-05-15",19,100,1,NA
"11091721ea79dbdf","2016-05-15",20,100,5,5
"11091721ea79dbdf","2016-05-16",21,95,NA,NA
"11091721ea79dbdf","2016-05-16",22,100,3,NA
"11091721ea79dbdf","2016-05-16",23,100,1,NA
"11091721ea79dbdf","2016-05-17",0,100,3,NA
"11091721ea79dbdf","2016-05-17",1,100,NA,NA
"11091721ea79dbdf","2016-05-17",2,100,1,2
"11091721ea79dbdf","2016-05-17",3,100,4,28
"11091721ea79dbdf","2016-05-17",4,95,26,10
"11091721ea79dbdf","2016-05-17",5,95,29,2
"11091721ea79dbdf","2016-05-17",6,90,78,NA
"11091721ea79dbdf","2016-05-17",8,85,16,10
"11091721ea79dbdf","2016-05-17",9,80,17,7
"11091721ea79dbdf","2016-05-17",11,75,6,2
"11091721ea79dbdf","2016-05-17",12,70,33,1
"11091721ea79dbdf","2016-05-17",13,65,27,15
"11091721ea79dbdf","2016-05-17",15,60,6,4
"11091721ea79dbdf","2016-05-17",16,55,8,8
"11091721ea79dbdf","2016-05-17",19,50,2,3
"11091721ea79dbdf","2016-05-17",20,65,NA,NA
"11091721ea79dbdf","2016-05-17",21,100,NA,NA
"11091721ea79dbdf","2016-05-17",22,100,3,NA
"11091721ea79dbdf","2016-05-17",23,100,NA,NA
"11091721ea79dbdf","2016-05-18",0,100,NA,NA
"11091721ea79dbdf","2016-05-18",1,100,NA,NA
"11091721ea79dbdf","2016-05-18",2,100,1,2
"11091721ea79dbdf","2016-05-18",4,95,5,13
"11091721ea79dbdf","2016-05-18",5,90,18,3
"11091721ea79dbdf","2016-05-18",6,85,15,3
"11091721ea79dbdf","2016-05-18",7,80,12,3
"11091721ea79dbdf","2016-05-18",8,75,20,3
"11091721ea79dbdf","2016-05-18",9,75,16,4
"11091721ea79dbdf","2016-05-18",10,70,21,2
"11091721ea79dbdf","2016-05-18",11,65,1,6
"11091721ea79dbdf","2016-05-18",12,60,12,7
"11091721ea79dbdf","2016-05-18",13,55,29,23
"11091721ea79dbdf","2016-05-18",14,50,6,3
"11091721ea79dbdf","2016-05-18",16,45,9,3
"11091721ea79dbdf","2016-05-18",17,40,1,7
"11091721ea79dbdf","2016-05-18",18,35,NA,3
"11091721ea79dbdf","2016-05-18",19,30,1,13
"11091721ea79dbdf","2016-05-18",20,30,NA,5
"11091721ea79dbdf","2016-05-18",21,85,1,NA
"11091721ea79dbdf","2016-05-18",22,100,NA,NA
"11091721ea79dbdf","2016-05-18",23,100,NA,NA
"11091721ea79dbdf","2016-05-19",0,100,NA,NA
"11091721ea79dbdf","2016-05-19",1,100,NA,NA
"11091721ea79dbdf","2016-05-19",2,100,1,NA
"11091721ea79dbdf","2016-05-19",3,100,6,2
"11091721ea79dbdf","2016-05-19",4,95,2,21
"11091721ea79dbdf","2016-05-19",5,95,5,16
"11091721ea79dbdf","2016-05-19",6,90,21,9
"11091721ea79dbdf","2016-05-19",7,85,32,6
"11091721ea79dbdf","2016-05-19",8,80,48,20
"11091721ea79dbdf","2016-05-19",9,75,27,16
"11091721ea79dbdf","2016-05-19",10,70,54,3
"11091721ea79dbdf","2016-05-19",11,65,28,NA
"11091721ea79dbdf","2016-05-19",12,60,27,3
"11091721ea79dbdf","2016-05-19",13,55,20,5
"11091721ea79dbdf","2016-05-19",14,50,10,24
"11091721ea79dbdf","2016-05-19",15,45,8,18
"11091721ea79dbdf","2016-05-19",16,40,2,NA
"11091721ea79dbdf","2016-05-19",18,30,7,15
"11091721ea79dbdf","2016-05-19",19,25,3,6
"11091721ea79dbdf","2016-05-19",20,25,NA,2
"11091721ea79dbdf","2016-05-20",21,35,NA,NA
"11091721ea79dbdf","2016-05-20",22,100,1,NA
"11091721ea79dbdf","2016-05-20",23,100,1,NA
"11091721ea79dbdf","2016-05-21",0,100,1,NA
"11091721ea79dbdf","2016-05-21",1,100,NA,NA
"11091721ea79dbdf","2016-05-21",2,100,NA,NA
"11091721ea79dbdf","2016-05-21",3,100,2,6
"11091721ea79dbdf","2016-05-21",4,95,4,3
"11091721ea79dbdf","2016-05-21",5,85,4,10
"11091721ea79dbdf","2016-05-21",7,80,1,7
"11091721ea79dbdf","2016-05-21",8,75,3,6
"11091721ea79dbdf","2016-05-21",9,70,2,31
"11091721ea79dbdf","2016-05-21",11,60,1,11
"11091721ea79dbdf","2016-05-21",12,60,4,11
"11091721ea79dbdf","2016-05-21",14,80,12,16
"11091721ea79dbdf","2016-05-21",15,90,11,14
"11091721ea79dbdf","2016-05-21",16,85,4,10
"11091721ea79dbdf","2016-05-21",17,80,3,49
"11091721ea79dbdf","2016-05-21",18,75,1,11
"11091721ea79dbdf","2016-05-21",19,70,3,13
"11091721ea79dbdf","2016-05-22",21,100,1,NA
"11091721ea79dbdf","2016-05-22",22,100,NA,NA
"11091721ea79dbdf","2016-05-22",23,100,1,NA
"11091721ea79dbdf","2016-05-23",0,100,NA,NA
"11091721ea79dbdf","2016-05-23",1,100,1,NA
"11091721ea79dbdf","2016-05-23",2,100,1,NA
"11091721ea79dbdf","2016-05-23",3,100,6,2
"11091721ea79dbdf","2016-05-23",4,95,29,31
"11091721ea79dbdf","2016-05-23",5,90,34,12
"11091721ea79dbdf","2016-05-23",6,85,7,4
"11091721ea79dbdf","2016-05-23",7,80,6,NA
"11091721ea79dbdf","2016-05-23",8,75,10,19
"11091721ea79dbdf","2016-05-23",9,70,9,5
"11091721ea79dbdf","2016-05-23",10,65,1,3
"11091721ea79dbdf","2016-05-23",11,65,10,4
"11091721ea79dbdf","2016-05-23",12,60,13,13
"11091721ea79dbdf","2016-05-23",13,55,23,5
"11091721ea79dbdf","2016-05-23",14,50,9,22
"11091721ea79dbdf","2016-05-23",15,45,3,20
"11091721ea79dbdf","2016-05-23",17,40,NA,18
"11091721ea79dbdf","2016-05-23",18,35,NA,19
"11091721ea79dbdf","2016-05-23",19,30,1,17
"11091721ea79dbdf","2016-05-23",20,30,NA,4
"11091721ea79dbdf","2016-05-23",21,95,5,NA
"11091721ea79dbdf","2016-05-23",22,100,NA,NA
"11091721ea79dbdf","2016-05-23",23,100,NA,NA
"11091721ea79dbdf","2016-05-24",0,100,NA,NA
"11091721ea79dbdf","2016-05-24",1,100,NA,NA
"11091721ea79dbdf","2016-05-24",2,100,1,NA
"11091721ea79dbdf","2016-05-24",3,100,14,2
"11091721ea79dbdf","2016-05-24",4,95,16,33
"11091721ea79dbdf","2016-05-24",5,90,23,13
"11091721ea79dbdf","2016-05-24",6,85,12,5
"11091721ea79dbdf","2016-05-24",7,85,8,3
"11091721ea79dbdf","2016-05-24",8,80,8,10
"11091721ea79dbdf","2016-05-24",9,75,9,12
"11091721ea79dbdf","2016-05-24",10,70,5,3
"11091721ea79dbdf","2016-05-24",11,65,6,11
"11091721ea79dbdf","2016-05-24",12,60,3,4
"11091721ea79dbdf","2016-05-24",13,55,16,3
"11091721ea79dbdf","2016-05-24",14,45,8,20
"11091721ea79dbdf","2016-05-24",15,40,4,17
"11091721ea79dbdf","2016-05-24",16,30,4,18
"11091721ea79dbdf","2016-05-24",17,25,1,12
"11091721ea79dbdf","2016-05-24",18,25,4,5
"11091721ea79dbdf","2016-05-24",19,20,2,1
"11091721ea79dbdf","2016-05-24",20,15,NA,15
"11091721ea79dbdf","2016-05-24",21,15,1,3
"11091721ea79dbdf","2016-05-24",22,75,3,NA
"11091721ea79dbdf","2016-05-24",23,100,1,NA
"11091721ea79dbdf","2016-05-25",0,100,NA,NA
"11091721ea79dbdf","2016-05-25",1,100,5,NA
"11091721ea79dbdf","2016-05-25",2,100,3,NA
"11091721ea79dbdf","2016-05-25",3,100,6,2
"11091721ea79dbdf","2016-05-25",4,100,30,10
"11091721ea79dbdf","2016-05-25",5,95,27,17
"11091721ea79dbdf","2016-05-25",6,90,37,6
"11091721ea79dbdf","2016-05-25",7,85,38,5
"11091721ea79dbdf","2016-05-25",8,80,24,9
"11091721ea79dbdf","2016-05-25",9,75,7,12
"11091721ea79dbdf","2016-05-25",10,70,3,8
"11091721ea79dbdf","2016-05-25",11,65,35,1
"11091721ea79dbdf","2016-05-25",13,60,14,3
"11091721ea79dbdf","2016-05-25",14,55,7,22
"11091721ea79dbdf","2016-05-25",15,50,5,19
"11091721ea79dbdf","2016-05-25",16,45,2,NA
"11091721ea79dbdf","2016-05-25",17,40,2,7
"11091721ea79dbdf","2016-05-25",18,35,7,10
"11091721ea79dbdf","2016-05-25",19,30,1,8
"11091721ea79dbdf","2016-05-25",20,25,NA,4
"11091721ea79dbdf","2016-05-25",21,55,2,NA
"11091721ea79dbdf","2016-05-25",22,100,1,NA
"11091721ea79dbdf","2016-05-25",23,100,NA,NA
"11091721ea79dbdf","2016-05-26",0,100,NA,NA
"11091721ea79dbdf","2016-05-26",1,100,NA,NA
"11091721ea79dbdf","2016-05-26",2,100,1,NA
"11091721ea79dbdf","2016-05-26",3,100,5,2
"11091721ea79dbdf","2016-05-26",4,100,23,26
"11091721ea79dbdf","2016-05-26",5,95,20,7
"11091721ea79dbdf","2016-05-26",6,90,22,3
"11091721ea79dbdf","2016-05-26",7,85,13,1
"11091721ea79dbdf","2016-05-26",8,85,5,7
"11091721ea79dbdf","2016-05-26",9,80,17,5
"11091721ea79dbdf","2016-05-26",10,75,9,4
"11091721ea79dbdf","2016-05-26",11,70,4,4
"11091721ea79dbdf","2016-05-26",12,65,13,4
"11091721ea79dbdf","2016-05-26",13,60,24,6
"11091721ea79dbdf","2016-05-26",14,55,12,12
"11091721ea79dbdf","2016-05-26",15,50,8,22
"11091721ea79dbdf","2016-05-26",17,45,8,16
"11091721ea79dbdf","2016-05-26",18,40,5,9
"11091721ea79dbdf","2016-05-26",19,35,2,1
"11091721ea79dbdf","2016-05-26",20,30,NA,3
"11091721ea79dbdf","2016-05-27",21,35,NA,4
"11091721ea79dbdf","2016-05-27",22,85,4,NA
"11091721ea79dbdf","2016-05-27",23,100,1,NA
"11091721ea79dbdf","2016-05-28",0,100,1,NA
"11091721ea79dbdf","2016-05-28",1,100,NA,NA
"11091721ea79dbdf","2016-05-28",2,100,NA,NA
"11091721ea79dbdf","2016-05-28",3,100,4,3
"11091721ea79dbdf","2016-05-28",5,95,5,6
"11091721ea79dbdf","2016-05-28",6,90,5,4
"11091721ea79dbdf","2016-05-28",7,90,2,NA
"11091721ea79dbdf","2016-05-28",10,85,6,8
"11091721ea79dbdf","2016-05-28",11,80,5,12
"11091721ea79dbdf","2016-05-28",12,80,3,18
"11091721ea79dbdf","2016-05-28",13,75,6,10
"11091721ea79dbdf","2016-05-28",14,70,2,1
"11091721ea79dbdf","2016-05-28",16,65,10,8
"11091721ea79dbdf","2016-05-28",17,60,4,15
"11091721ea79dbdf","2016-05-28",18,55,3,12
"11091721ea79dbdf","2016-05-28",20,50,NA,20
"11091721ea79dbdf","2016-05-28",21,65,NA,NA
"11091721ea79dbdf","2016-05-28",22,100,1,NA
"11091721ea79dbdf","2016-05-28",23,100,1,NA
"11091721ea79dbdf","2016-05-29",0,100,NA,NA
"11091721ea79dbdf","2016-05-29",1,100,2,NA
"11091721ea79dbdf","2016-05-29",2,100,1,NA
"11091721ea79dbdf","2016-05-29",3,100,2,NA
"11091721ea79dbdf","2016-05-29",4,100,NA,NA
"11091721ea79dbdf","2016-05-29",5,100,7,6
"11091721ea79dbdf","2016-05-29",6,95,1,14
"11091721ea79dbdf","2016-05-29",7,90,4,14
"11091721ea79dbdf","2016-05-29",8,85,1,15
"11091721ea79dbdf","2016-05-29",10,80,5,6
"11091721ea79dbdf","2016-05-29",11,75,5,28
"11091721ea79dbdf","2016-05-29",13,70,4,13
"11091721ea79dbdf","2016-05-29",14,65,4,17
"11091721ea79dbdf","2016-05-29",15,65,3,7
"11091721ea79dbdf","2016-05-29",16,60,3,5
"11091721ea79dbdf","2016-05-29",17,60,4,8
"11091721ea79dbdf","2016-05-29",18,55,NA,2
"11091721ea79dbdf","2016-05-29",19,50,1,4
"11091721ea79dbdf","2016-05-29",20,50,NA,4
"11091721ea79dbdf","2016-05-29",21,80,2,NA
"11091721ea79dbdf","2016-05-29",22,100,1,NA
"11091721ea79dbdf","2016-05-29",23,100,1,NA
"11091721ea79dbdf","2016-05-30",0,100,NA,NA
"11091721ea79dbdf","2016-05-30",1,100,3,NA
"11091721ea79dbdf","2016-05-30",2,100,1,NA
"11091721ea79dbdf","2016-05-30",3,100,5,2
"11091721ea79dbdf","2016-05-30",4,100,20,30
"11091721ea79dbdf","2016-05-30",5,95,18,18
"11091721ea79dbdf","2016-05-30",6,90,1,2
"11091721ea79dbdf","2016-05-30",8,85,2,15
"11091721ea79dbdf","2016-05-30",9,80,NA,8
"11091721ea79dbdf","2016-05-30",11,75,9,8
"11091721ea79dbdf","2016-05-30",12,70,15,3
"11091721ea79dbdf","2016-05-30",13,65,7,2
"11091721ea79dbdf","2016-05-30",14,60,3,21
"11091721ea79dbdf","2016-05-30",15,55,5,22
"11091721ea79dbdf","2016-05-30",16,55,2,NA
"11091721ea79dbdf","2016-05-30",17,50,2,25
"11091721ea79dbdf","2016-05-30",18,45,3,13
"11091721ea79dbdf","2016-05-30",20,40,1,1
"11091721ea79dbdf","2016-05-30",21,70,1,NA
"11091721ea79dbdf","2016-05-30",22,100,NA,NA
"11091721ea79dbdf","2016-05-30",23,100,NA,NA
"11091721ea79dbdf","2016-05-31",0,100,1,NA
"11091721ea79dbdf","2016-05-31",1,100,2,NA
"11091721ea79dbdf","2016-05-31",2,100,1,NA
"11091721ea79dbdf","2016-05-31",3,100,5,2
"11091721ea79dbdf","2016-05-31",4,100,35,20
"11091721ea79dbdf","2016-05-31",5,95,24,17
"11091721ea79dbdf","2016-05-31",6,90,14,5
"11091721ea79dbdf","2016-05-31",7,85,10,4
"11091721ea79dbdf","2016-05-31",8,85,5,3
"11091721ea79dbdf","2016-05-31",9,80,23,8
"11091721ea79dbdf","2016-05-31",10,70,7,20
"11091721ea79dbdf","2016-05-31",12,65,10,5
"11091721ea79dbdf","2016-05-31",13,60,28,7
"11091721ea79dbdf","2016-05-31",14,55,23,18
"11091721ea79dbdf","2016-05-31",15,50,2,9
"11091721ea79dbdf","2016-05-31",16,45,7,7
"11091721ea79dbdf","2016-05-31",17,35,25,11
"11091721ea79dbdf","2016-05-31",18,30,1,11
"11091721ea79dbdf","2016-05-31",19,25,1,8
"11091721ea79dbdf","2016-05-31",20,20,NA,3
"11091721ea79dbdf","2016-06-01",21,100,NA,NA
"11091721ea79dbdf","2016-06-01",22,100,1,NA
"11091721ea79dbdf","2016-06-01",23,100,1,NA
"11091721ea79dbdf","2016-06-02",0,100,NA,NA
"11091721ea79dbdf","2016-06-02",1,100,NA,NA
"11091721ea79dbdf","2016-06-02",2,100,3,2
"11091721ea79dbdf","2016-06-02",3,100,5,17
"11091721ea79dbdf","2016-06-02",4,95,3,11
"11091721ea79dbdf","2016-06-02",5,90,25,4
"11091721ea79dbdf","2016-06-02",7,85,14,13
"11091721ea79dbdf","2016-06-02",8,80,9,16
"11091721ea79dbdf","2016-06-02",9,75,13,17
"11091721ea79dbdf","2016-06-02",12,70,12,2
"11091721ea79dbdf","2016-06-02",13,65,21,8
"11091721ea79dbdf","2016-06-02",14,65,25,20
"11091721ea79dbdf","2016-06-02",15,60,25,24
"11091721ea79dbdf","2016-06-02",17,55,1,16
"11091721ea79dbdf","2016-06-02",18,50,4,6
"11091721ea79dbdf","2016-06-02",19,45,NA,7
"11091721ea79dbdf","2016-06-02",20,40,1,8
"11091721ea79dbdf","2016-06-02",21,65,1,NA
"11091721ea79dbdf","2016-06-02",22,100,2,NA
"11091721ea79dbdf","2016-06-02",23,100,1,NA
"11091721ea79dbdf","2016-06-03",0,100,NA,NA
"11091721ea79dbdf","2016-06-03",1,100,NA,NA
"11091721ea79dbdf","2016-06-03",2,100,1,NA
"11091721ea79dbdf","2016-06-03",3,100,4,4
"11091721ea79dbdf","2016-06-03",4,100,34,23
"11091721ea79dbdf","2016-06-03",5,95,31,5
"11091721ea79dbdf","2016-06-03",6,95,3,4
"11091721ea79dbdf","2016-06-03",7,90,8,2
"11091721ea79dbdf","2016-06-03",8,85,11,12
"11091721ea79dbdf","2016-06-03",10,80,4,2
"11091721ea79dbdf","2016-06-03",11,75,14,5
"11091721ea79dbdf","2016-06-03",12,75,6,9
"11091721ea79dbdf","2016-06-03",13,70,14,10
"11091721ea79dbdf","2016-06-03",15,65,6,6
"11091721ea79dbdf","2016-06-03",16,50,9,17
"11091721ea79dbdf","2016-06-03",17,45,5,11
"11091721ea79dbdf","2016-06-03",18,45,1,NA
"11091721ea79dbdf","2016-06-03",19,40,6,3
"11091721ea79dbdf","2016-06-03",20,30,16,6
"11091721ea79dbdf","2016-06-03",21,30,2,20
"11091721ea79dbdf","2016-06-03",22,45,1,NA
"11091721ea79dbdf","2016-06-03",23,95,1,NA
"11091721ea79dbdf","2016-06-04",0,100,1,NA
"11091721ea79dbdf","2016-06-04",1,100,NA,NA
"11091721ea79dbdf","2016-06-04",2,100,NA,NA
"11091721ea79dbdf","2016-06-04",3,100,1,NA
"11091721ea79dbdf","2016-06-04",4,100,1,4
"11091721ea79dbdf","2016-06-04",6,95,4,NA
"11091721ea79dbdf","2016-06-04",7,90,4,18
"11091721ea79dbdf","2016-06-04",8,85,2,8
"11091721ea79dbdf","2016-06-04",10,80,NA,7
"11091721ea79dbdf","2016-06-04",12,75,NA,7
"11091721ea79dbdf","2016-06-04",14,70,4,13
"11091721ea79dbdf","2016-06-04",15,65,5,13
"11091721ea79dbdf","2016-06-04",16,60,5,7
"11091721ea79dbdf","2016-06-04",17,55,9,14
"11091721ea79dbdf","2016-06-04",18,50,1,1
"11091721ea79dbdf","2016-06-04",19,45,2,5
"11091721ea79dbdf","2016-06-05",21,75,1,NA
"11091721ea79dbdf","2016-06-05",22,100,NA,NA
"11091721ea79dbdf","2016-06-05",23,100,NA,NA
"11091721ea79dbdf","2016-06-06",0,100,1,NA
"11091721ea79dbdf","2016-06-06",1,100,3,NA
"11091721ea79dbdf","2016-06-06",2,100,1,NA
"11091721ea79dbdf","2016-06-06",3,100,4,2
"11091721ea79dbdf","2016-06-06",4,100,18,41
"11091721ea79dbdf","2016-06-06",5,95,25,30
"11091721ea79dbdf","2016-06-06",6,90,17,10
"11091721ea79dbdf","2016-06-06",7,90,7,2
"11091721ea79dbdf","2016-06-06",8,85,6,2
"11091721ea79dbdf","2016-06-06",10,80,6,4
"11091721ea79dbdf","2016-06-06",12,75,22,6
"11091721ea79dbdf","2016-06-06",13,70,7,12
"11091721ea79dbdf","2016-06-06",15,65,23,24
"11091721ea79dbdf","2016-06-06",17,60,7,24
"11091721ea79dbdf","2016-06-06",18,55,9,21
"11091721ea79dbdf","2016-06-06",19,50,33,3
"11091721ea79dbdf","2016-06-06",20,50,2,3
"11091721ea79dbdf","2016-06-06",21,90,2,NA
"11091721ea79dbdf","2016-06-06",22,100,NA,NA
"11091721ea79dbdf","2016-06-06",23,100,NA,NA
"11091721ea79dbdf","2016-06-07",0,100,NA,NA
"11091721ea79dbdf","2016-06-07",1,100,NA,NA
"11091721ea79dbdf","2016-06-07",2,100,1,NA
"11091721ea79dbdf","2016-06-07",3,100,4,2
"11091721ea79dbdf","2016-06-07",4,100,20,27
"11091721ea79dbdf","2016-06-07",5,95,29,31
"11091721ea79dbdf","2016-06-07",7,90,8,4
"11091721ea79dbdf","2016-06-07",9,85,2,6
"11091721ea79dbdf","2016-06-07",11,80,4,4
"11091721ea79dbdf","2016-06-07",13,75,7,11
"11091721ea79dbdf","2016-06-07",14,70,20,35
"11091721ea79dbdf","2016-06-07",16,65,2,6
"11091721ea79dbdf","2016-06-07",17,60,4,14
"11091721ea79dbdf","2016-06-07",18,55,4,5
"11091721ea79dbdf","2016-06-07",19,55,13,16
"11091721ea79dbdf","2016-06-07",20,80,1,NA
"11091721ea79dbdf","2016-06-07",21,100,4,NA
"11091721ea79dbdf","2016-06-07",22,100,NA,NA
"11091721ea79dbdf","2016-06-07",23,100,1,NA
"11091721ea79dbdf","2016-06-08",0,100,3,NA
"11091721ea79dbdf","2016-06-08",1,100,1,NA
"11091721ea79dbdf","2016-06-08",2,100,2,NA
"11091721ea79dbdf","2016-06-08",3,100,7,4
"11091721ea79dbdf","2016-06-08",4,100,20,28
"11091721ea79dbdf","2016-06-08",5,95,18,20
"11091721ea79dbdf","2016-06-08",6,90,11,4
"11091721ea79dbdf","2016-06-08",7,85,17,9
"11091721ea79dbdf","2016-06-08",8,80,13,8
"11091721ea79dbdf","2016-06-08",9,75,2,19
"11091721ea79dbdf","2016-06-08",10,75,3,4
"11091721ea79dbdf","2016-06-08",11,70,5,8
"11091721ea79dbdf","2016-06-08",12,65,8,1
"11091721ea79dbdf","2016-06-08",14,60,6,19
"11091721ea79dbdf","2016-06-08",15,55,5,55
"11091721ea79dbdf","2016-06-08",16,50,2,NA
"11091721ea79dbdf","2016-06-08",17,50,6,25
"11091721ea79dbdf","2016-06-08",19,40,6,2
"11091721ea79dbdf","2016-06-08",20,40,1,13
"11091721ea79dbdf","2016-06-08",21,35,5,4
"11091721ea79dbdf","2016-06-08",22,80,NA,NA
"11091721ea79dbdf","2016-06-08",23,100,1,NA
"11091721ea79dbdf","2016-06-09",0,100,1,NA
"11091721ea79dbdf","2016-06-09",1,100,2,NA
"11091721ea79dbdf","2016-06-09",2,100,1,NA
"11091721ea79dbdf","2016-06-09",3,100,6,2
"11091721ea79dbdf","2016-06-09",4,100,20,24
"11091721ea79dbdf","2016-06-09",5,95,33,32
"11091721ea79dbdf","2016-06-09",7,90,13,11
"11091721ea79dbdf","2016-06-09",8,85,7,7
"11091721ea79dbdf","2016-06-09",9,85,16,9
"11091721ea79dbdf","2016-06-09",10,80,5,4
"11091721ea79dbdf","2016-06-09",11,80,12,3
"11091721ea79dbdf","2016-06-09",12,75,7,7
"11091721ea79dbdf","2016-06-09",14,70,7,17
"11091721ea79dbdf","2016-06-09",16,65,2,NA
"11091721ea79dbdf","2016-06-09",18,60,1,16
"11091721ea79dbdf","2016-06-09",19,60,21,16
"11091721ea79dbdf","2016-06-09",20,65,11,NA
"11091721ea79dbdf","2016-06-09",21,100,1,NA
"11091721ea79dbdf","2016-06-09",22,100,NA,NA
"11091721ea79dbdf","2016-06-09",23,100,NA,NA
"11091721ea79dbdf","2016-06-10",0,100,1,NA
"11091721ea79dbdf","2016-06-10",1,100,NA,NA
"11091721ea79dbdf","2016-06-10",2,100,1,NA
"11091721ea79dbdf","2016-06-10",3,100,6,2
"11091721ea79dbdf","2016-06-10",4,100,8,30
"11091721ea79dbdf","2016-06-10",5,95,12,14
"11091721ea79dbdf","2016-06-10",7,90,16,NA
"11091721ea79dbdf","2016-06-10",9,85,12,9
"11091721ea79dbdf","2016-06-10",10,80,12,NA
"11091721ea79dbdf","2016-06-10",11,80,22,4
"11091721ea79dbdf","2016-06-10",12,75,19,3
"11091721ea79dbdf","2016-06-10",14,70,18,9
"11091721ea79dbdf","2016-06-10",16,65,4,10
"11091721ea79dbdf","2016-06-10",18,55,1,7
"11091721ea79dbdf","2016-06-10",19,55,NA,16
"11091721ea79dbdf","2016-06-10",20,50,1,7
"11091721ea79dbdf","2016-06-10",21,50,7,5
"11091721ea79dbdf","2016-06-10",22,85,5,NA
"11091721ea79dbdf","2016-06-10",23,100,NA,NA
"11091721ea79dbdf","2016-06-11",0,100,NA,NA
"11091721ea79dbdf","2016-06-11",1,100,1,NA
"11091721ea79dbdf","2016-06-11",2,100,2,NA
"11091721ea79dbdf","2016-06-11",3,100,NA,NA
"11091721ea79dbdf","2016-06-11",4,100,2,NA
"11091721ea79dbdf","2016-06-11",5,100,2,10
"11091721ea79dbdf","2016-06-11",7,90,3,12
"11091721ea79dbdf","2016-06-11",9,85,1,5
"11091721ea79dbdf","2016-06-11",10,80,3,8
"11091721ea79dbdf","2016-06-11",11,75,2,28
"11091721ea79dbdf","2016-06-11",12,70,6,8
"11091721ea79dbdf","2016-06-11",13,65,8,4
"11091721ea79dbdf","2016-06-11",15,60,8,28
"11091721ea79dbdf","2016-06-11",16,55,5,12
"11091721ea79dbdf","2016-06-11",17,50,1,4
"11091721ea79dbdf","2016-06-11",18,45,2,2
"11091721ea79dbdf","2016-06-11",20,40,2,13
"11091721ea79dbdf","2016-06-11",21,40,NA,4
"11091721ea79dbdf","2016-06-11",22,90,2,NA
"11091721ea79dbdf","2016-06-11",23,100,1,NA
"11091721ea79dbdf","2016-06-12",0,100,2,NA
"11091721ea79dbdf","2016-06-12",1,100,NA,NA
"11091721ea79dbdf","2016-06-12",2,100,1,NA
"11091721ea79dbdf","2016-06-12",3,100,1,NA
"11091721ea79dbdf","2016-06-12",4,100,2,1
"11091721ea79dbdf","2016-06-12",5,95,2,7
"11091721ea79dbdf","2016-06-12",6,90,3,10
"11091721ea79dbdf","2016-06-12",7,85,5,21
"11091721ea79dbdf","2016-06-12",8,80,4,15
"11091721ea79dbdf","2016-06-12",9,70,1,12
"11091721ea79dbdf","2016-06-12",10,65,5,40
"11091721ea79dbdf","2016-06-12",11,60,1,15
"11091721ea79dbdf","2016-06-12",12,60,1,20
"11091721ea79dbdf","2016-06-12",13,50,8,13
"11091721ea79dbdf","2016-06-12",14,45,3,4
"11091721ea79dbdf","2016-06-12",15,40,4,9
"11091721ea79dbdf","2016-06-12",16,35,6,5
"11091721ea79dbdf","2016-06-12",17,25,2,10
"11091721ea79dbdf","2016-06-12",18,20,1,6
"11091721ea79dbdf","2016-06-12",19,15,9,14
"11091721ea79dbdf","2016-06-12",20,15,NA,4
"11091721ea79dbdf","2016-06-12",21,80,NA,NA
"11091721ea79dbdf","2016-06-12",22,100,1,NA
"11091721ea79dbdf","2016-06-12",23,100,NA,NA
"11091721ea79dbdf","2016-06-13",0,100,NA,NA
"11091721ea79dbdf","2016-06-13",1,100,1,NA
"11091721ea79dbdf","2016-06-13",2,100,NA,NA
"11091721ea79dbdf","2016-06-13",3,100,6,2
"11091721ea79dbdf","2016-06-13",4,100,21,23
"11091721ea79dbdf","2016-06-13",5,95,26,10
"11091721ea79dbdf","2016-06-13",6,90,9,5
"11091721ea79dbdf","2016-06-13",7,85,15,4
"11091721ea79dbdf","2016-06-13",8,80,14,2
"11091721ea79dbdf","2016-06-13",9,75,23,3
"11091721ea79dbdf","2016-06-13",11,70,13,1
"11091721ea79dbdf","2016-06-13",13,65,20,5
"11091721ea79dbdf","2016-06-13",14,60,15,26
"11091721ea79dbdf","2016-06-13",15,55,22,17
"11091721ea79dbdf","2016-06-13",17,50,6,4
"11091721ea79dbdf","2016-06-13",19,45,NA,8
"11091721ea79dbdf","2016-06-13",20,40,14,3
"11091721ea79dbdf","2016-06-13",21,40,16,3
"11091721ea79dbdf","2016-06-13",22,65,2,NA
"11091721ea79dbdf","2016-06-13",23,100,3,NA
"11091721ea79dbdf","2016-06-14",0,100,NA,NA
"11091721ea79dbdf","2016-06-14",1,100,2,NA
"11091721ea79dbdf","2016-06-14",2,100,3,NA
"11091721ea79dbdf","2016-06-14",3,100,7,2
"11091721ea79dbdf","2016-06-14",4,100,18,44
"11091721ea79dbdf","2016-06-14",5,95,33,9
"11091721ea79dbdf","2016-06-14",7,90,9,2
"11091721ea79dbdf","2016-06-14",9,85,18,3
"11091721ea79dbdf","2016-06-14",10,80,16,9
"11091721ea79dbdf","2016-06-14",12,75,8,NA
"11091721ea79dbdf","2016-06-14",14,70,27,29
"11091721ea79dbdf","2016-06-14",15,65,3,9
"11091721ea79dbdf","2016-06-14",16,60,21,9
"11091721ea79dbdf","2016-06-14",17,55,2,1
"11091721ea79dbdf","2016-06-14",18,55,5,2
"11091721ea79dbdf","2016-06-14",19,50,1,11
"11091721ea79dbdf","2016-06-14",20,65,5,NA
"11091721ea79dbdf","2016-06-14",21,100,2,NA
"11091721ea79dbdf","2016-06-14",22,100,NA,NA
"11091721ea79dbdf","2016-06-14",23,100,NA,NA
"11091721ea79dbdf","2016-06-15",0,100,3,NA
"11091721ea79dbdf","2016-06-15",1,100,2,NA
"11091721ea79dbdf","2016-06-15",2,100,NA,NA
"11091721ea79dbdf","2016-06-15",3,100,5,2
"11091721ea79dbdf","2016-06-15",4,95,22,21
"11091721ea79dbdf","2016-06-15",6,90,9,7
"11091721ea79dbdf","2016-06-15",8,85,10,5
"11091721ea79dbdf","2016-06-15",9,80,10,7
"11091721ea79dbdf","2016-06-15",11,75,30,4
"11091721ea79dbdf","2016-06-15",13,70,18,7
"11091721ea79dbdf","2016-06-15",14,65,17,16
"11091721ea79dbdf","2016-06-15",15,60,4,23
"11091721ea79dbdf","2016-06-15",16,60,2,NA
"11091721ea79dbdf","2016-06-15",18,55,1,18
"11091721ea79dbdf","2016-06-15",19,50,NA,15
"11091721ea79dbdf","2016-06-15",20,45,NA,11
"11091721ea79dbdf","2016-06-15",21,65,1,NA
"11091721ea79dbdf","2016-06-15",22,100,2,NA
"11091721ea79dbdf","2016-06-15",23,100,NA,NA
"11091721ea79dbdf","2016-06-16",0,100,NA,NA
"11091721ea79dbdf","2016-06-16",1,100,NA,NA
"11091721ea79dbdf","2016-06-16",2,100,1,NA
"11091721ea79dbdf","2016-06-16",3,100,4,2
"11091721ea79dbdf","2016-06-16",4,100,18,17
"11091721ea79dbdf","2016-06-16",5,95,31,18
"11091721ea79dbdf","2016-06-16",6,90,21,2
"11091721ea79dbdf","2016-06-16",7,85,6,NA
"11091721ea79dbdf","2016-06-16",9,80,11,4
"11091721ea79dbdf","2016-06-16",10,75,5,16
"11091721ea79dbdf","2016-06-16",11,70,22,2
"11091721ea79dbdf","2016-06-16",12,65,22,5
"11091721ea79dbdf","2016-06-16",13,60,21,22
"11091721ea79dbdf","2016-06-16",14,55,21,8
"11091721ea79dbdf","2016-06-16",15,50,3,10
"11091721ea79dbdf","2016-06-16",16,50,2,2
"11091721ea79dbdf","2016-06-16",17,45,NA,2
"11091721ea79dbdf","2016-06-16",18,40,4,3
"11091721ea79dbdf","2016-06-16",19,35,1,6
"11091721ea79dbdf","2016-06-16",20,45,1,2
"11091721ea79dbdf","2016-06-16",21,95,NA,NA
"11091721ea79dbdf","2016-06-16",22,100,1,NA
"11091721ea79dbdf","2016-06-16",23,100,NA,NA
"11091721ea79dbdf","2016-06-17",0,100,NA,NA
"11091721ea79dbdf","2016-06-17",1,100,NA,NA
"11091721ea79dbdf","2016-06-17",2,100,3,NA
"11091721ea79dbdf","2016-06-17",3,100,4,2
"11091721ea79dbdf","2016-06-17",4,100,11,19
"11091721ea79dbdf","2016-06-17",5,95,8,1
"11091721ea79dbdf","2016-06-17",6,90,12,3
"11091721ea79dbdf","2016-06-17",7,90,8,2
"11091721ea79dbdf","2016-06-17",8,85,5,NA
"11091721ea79dbdf","2016-06-17",9,80,13,2
"11091721ea79dbdf","2016-06-17",11,75,11,NA
"11091721ea79dbdf","2016-06-17",12,70,2,NA
"11091721ea79dbdf","2016-06-17",14,60,15,9
"11091721ea79dbdf","2016-06-17",16,55,1,3
"11091721ea79dbdf","2016-06-17",17,50,NA,3
"11091721ea79dbdf","2016-06-17",19,45,NA,6
"11091721ea79dbdf","2016-06-17",20,40,NA,3
"11091721ea79dbdf","2016-06-17",22,35,2,5
"11091721ea79dbdf","2016-06-17",23,55,3,NA
"11091721ea79dbdf","2016-06-18",0,95,1,NA
"11091721ea79dbdf","2016-06-18",1,100,1,NA
"11091721ea79dbdf","2016-06-18",2,100,2,NA
"11091721ea79dbdf","2016-06-18",3,100,1,NA
"11091721ea79dbdf","2016-06-18",4,100,NA,NA
"11091721ea79dbdf","2016-06-18",5,100,2,2
"11091721ea79dbdf","2016-06-18",7,95,4,6
"11091721ea79dbdf","2016-06-18",8,90,4,7
"11091721ea79dbdf","2016-06-18",10,85,1,1
"11091721ea79dbdf","2016-06-18",11,80,6,14
"11091721ea79dbdf","2016-06-18",13,75,NA,11
"11091721ea79dbdf","2016-06-18",14,70,1,36
"11091721ea79dbdf","2016-06-18",15,70,NA,2
"11091721ea79dbdf","2016-06-18",16,65,2,19
"11091721ea79dbdf","2016-06-18",17,65,NA,13
"11091721ea79dbdf","2016-06-18",18,60,3,3
"11091721ea79dbdf","2016-06-18",19,60,1,6
"11091721ea79dbdf","2016-06-18",20,55,4,5
"11091721ea79dbdf","2016-06-18",21,70,1,NA
"11091721ea79dbdf","2016-06-18",22,100,1,NA
"11091721ea79dbdf","2016-06-18",23,100,NA,NA
"11091721ea79dbdf","2016-06-19",0,100,NA,NA
"11091721ea79dbdf","2016-06-19",1,100,NA,NA
"11091721ea79dbdf","2016-06-19",2,100,NA,NA
"11091721ea79dbdf","2016-06-19",3,100,1,NA
"11091721ea79dbdf","2016-06-19",4,100,1,NA
"11091721ea79dbdf","2016-06-19",5,100,3,5
"11091721ea79dbdf","2016-06-19",7,95,1,3
"11091721ea79dbdf","2016-06-19",9,90,2,4
"11091721ea79dbdf","2016-06-19",10,85,2,11
"11091721ea79dbdf","2016-06-19",11,80,13,15
"11091721ea79dbdf","2016-06-19",12,80,3,10
"11091721ea79dbdf","2016-06-19",13,75,2,20
"11091721ea79dbdf","2016-06-19",14,75,3,10
"11091721ea79dbdf","2016-06-19",15,70,4,19
"11091721ea79dbdf","2016-06-19",17,65,2,7
"11091721ea79dbdf","2016-06-19",18,60,1,10
"11091721ea79dbdf","2016-06-19",20,55,NA,5
"11091721ea79dbdf","2016-06-20",21,65,NA,NA
"11091721ea79dbdf","2016-06-20",22,100,NA,NA
"11091721ea79dbdf","2016-06-20",23,100,NA,NA
"11091721ea79dbdf","2016-06-21",0,100,NA,NA
"11091721ea79dbdf","2016-06-21",1,100,1,NA
"11091721ea79dbdf","2016-06-21",2,100,NA,NA
"11091721ea79dbdf","2016-06-21",3,100,4,2
"11091721ea79dbdf","2016-06-21",4,100,4,20
"11091721ea79dbdf","2016-06-21",5,95,17,16
"11091721ea79dbdf","2016-06-21",7,90,7,5
"11091721ea79dbdf","2016-06-21",8,85,5,27
"11091721ea79dbdf","2016-06-21",10,80,5,2
"11091721ea79dbdf","2016-06-21",12,75,12,6
"11091721ea79dbdf","2016-06-21",13,70,24,6
"11091721ea79dbdf","2016-06-21",15,60,NA,15
"11091721ea79dbdf","2016-06-21",16,55,NA,16
"11091721ea79dbdf","2016-06-21",17,50,2,18
"11091721ea79dbdf","2016-06-21",18,45,4,19
"11091721ea79dbdf","2016-06-21",19,40,2,15
"11091721ea79dbdf","2016-06-21",20,35,1,7
"11091721ea79dbdf","2016-06-21",21,70,1,NA
"11091721ea79dbdf","2016-06-21",22,100,NA,NA
"11091721ea79dbdf","2016-06-21",23,100,NA,NA
"11091721ea79dbdf","2016-06-22",0,100,NA,NA
"11091721ea79dbdf","2016-06-22",1,100,NA,NA
"11091721ea79dbdf","2016-06-22",2,100,1,NA
"11091721ea79dbdf","2016-06-22",3,100,7,2
"11091721ea79dbdf","2016-06-22",4,100,6,20
"11091721ea79dbdf","2016-06-22",5,95,17,3
"11091721ea79dbdf","2016-06-22",6,90,7,9
"11091721ea79dbdf","2016-06-22",8,85,14,1
"11091721ea79dbdf","2016-06-22",9,80,6,4
"11091721ea79dbdf","2016-06-22",11,75,12,8
"11091721ea79dbdf","2016-06-22",12,70,18,5
"11091721ea79dbdf","2016-06-22",14,65,6,23
"11091721ea79dbdf","2016-06-22",15,60,5,23
"11091721ea79dbdf","2016-06-22",16,55,2,NA
"11091721ea79dbdf","2016-06-22",18,50,4,8
"11091721ea79dbdf","2016-06-22",20,45,NA,4
"13b727ab00aa5941","2016-02-19",8,90,NA,6
"13b727ab00aa5941","2016-02-19",9,85,NA,2
"13b727ab00aa5941","2016-02-19",10,75,NA,4
"13b727ab00aa5941","2016-02-19",12,70,NA,2
"13b727ab00aa5941","2016-02-19",13,70,NA,6
"13b727ab00aa5941","2016-02-19",15,60,NA,1
"13b727ab00aa5941","2016-02-19",16,60,NA,NA
"13b727ab00aa5941","2016-02-19",17,60,NA,NA
"13b727ab00aa5941","2016-02-19",19,55,NA,1
"13b727ab00aa5941","2016-02-19",20,55,NA,NA
"13b727ab00aa5941","2016-02-19",21,55,NA,4
"13b727ab00aa5941","2016-02-19",22,95,NA,NA
"13b727ab00aa5941","2016-02-20",13,95,NA,5
"13b727ab00aa5941","2016-02-20",14,95,NA,3
"13b727ab00aa5941","2016-02-20",18,90,NA,NA
"13b727ab00aa5941","2016-02-20",19,90,NA,7
"13b727ab00aa5941","2016-02-20",20,95,NA,NA
"13b727ab00aa5941","2016-02-20",21,100,NA,NA
"13e509c14dd1a12b","2016-01-14",21,60,7,1
"13e509c14dd1a12b","2016-01-14",22,75,6,NA
"13e509c14dd1a12b","2016-01-14",23,100,5,NA
"13e509c14dd1a12b","2016-01-15",0,100,NA,NA
"13e509c14dd1a12b","2016-01-15",1,100,1,NA
"13e509c14dd1a12b","2016-01-15",2,100,NA,NA
"13e509c14dd1a12b","2016-01-15",3,100,NA,NA
"13e509c14dd1a12b","2016-01-15",4,100,NA,NA
"13e509c14dd1a12b","2016-01-15",5,100,NA,NA
"13e509c14dd1a12b","2016-01-15",6,60,NA,54
"13e509c14dd1a12b","2016-01-15",7,50,NA,46
"13e509c14dd1a12b","2016-01-15",8,50,NA,45
"13e509c14dd1a12b","2016-01-15",9,50,NA,24
"13e509c14dd1a12b","2016-01-15",10,50,NA,56
"13e509c14dd1a12b","2016-01-15",11,50,NA,68
"13e509c14dd1a12b","2016-01-15",12,50,NA,40
"13e509c14dd1a12b","2016-01-16",14,45,NA,1
"13e509c14dd1a12b","2016-01-16",20,40,NA,NA
"13e509c14dd1a12b","2016-01-16",21,40,NA,NA
"13e509c14dd1a12b","2016-01-16",22,40,NA,NA
"13e509c14dd1a12b","2016-01-16",23,40,NA,NA
"13e509c14dd1a12b","2016-01-17",0,40,NA,NA
"13e509c14dd1a12b","2016-01-17",7,35,NA,NA
"13e509c14dd1a12b","2016-01-17",8,35,NA,NA
"13e509c14dd1a12b","2016-01-17",9,35,NA,NA
"13e509c14dd1a12b","2016-01-17",10,35,NA,NA
"13e509c14dd1a12b","2016-01-17",11,35,NA,1
"13e509c14dd1a12b","2016-01-17",15,30,NA,NA
"13e509c14dd1a12b","2016-01-17",16,30,NA,NA
"13e509c14dd1a12b","2016-01-17",20,25,NA,NA
"13e509c14dd1a12b","2016-01-18",3,20,NA,NA
"13e509c14dd1a12b","2016-01-18",4,20,NA,1
"13e509c14dd1a12b","2016-01-18",7,15,NA,50
"13e509c14dd1a12b","2016-01-18",9,5,NA,22
"13e509c14dd1a12b","2016-01-18",10,5,NA,24
"13e509c14dd1a12b","2016-01-18",11,5,NA,65
"13e509c14dd1a12b","2016-01-18",18,0,NA,NA
"13e509c14dd1a12b","2016-01-19",22,65,NA,NA
"13e509c14dd1a12b","2016-01-20",6,55,NA,33
"13e509c14dd1a12b","2016-01-20",7,55,NA,57
"13e509c14dd1a12b","2016-01-20",8,50,NA,42
"13e509c14dd1a12b","2016-01-20",9,45,NA,38
"13e509c14dd1a12b","2016-01-20",11,40,NA,64
"13e509c14dd1a12b","2016-01-20",12,35,NA,39
"13e509c14dd1a12b","2016-01-20",17,30,NA,NA
"13e509c14dd1a12b","2016-01-20",18,30,NA,NA
"13e509c14dd1a12b","2016-01-20",21,25,NA,NA
"13e509c14dd1a12b","2016-01-20",22,25,NA,1
"13e509c14dd1a12b","2016-01-20",23,30,NA,NA
"13e509c14dd1a12b","2016-01-21",0,70,NA,NA
"13e509c14dd1a12b","2016-01-21",1,100,NA,NA
"13e509c14dd1a12b","2016-01-21",2,100,NA,NA
"13e509c14dd1a12b","2016-01-21",3,100,NA,NA
"13e509c14dd1a12b","2016-01-21",4,100,NA,NA
"13e509c14dd1a12b","2016-01-21",5,100,NA,NA
"13e509c14dd1a12b","2016-01-21",6,100,NA,48
"13e509c14dd1a12b","2016-01-21",7,95,NA,47
"13e509c14dd1a12b","2016-01-21",8,90,NA,41
"13e509c14dd1a12b","2016-01-21",9,85,NA,41
"13e509c14dd1a12b","2016-01-21",10,85,NA,45
"13e509c14dd1a12b","2016-01-21",11,80,NA,71
"13e509c14dd1a12b","2016-01-21",12,70,NA,45
"13e509c14dd1a12b","2016-01-21",19,65,NA,NA
"13e509c14dd1a12b","2016-01-21",20,65,NA,NA
"13e509c14dd1a12b","2016-01-21",21,65,NA,NA
"13e509c14dd1a12b","2016-01-22",22,55,NA,NA
"13e509c14dd1a12b","2016-01-23",7,50,NA,NA
"13e509c14dd1a12b","2016-01-23",8,50,NA,NA
"13e509c14dd1a12b","2016-01-23",9,50,NA,NA
"13e509c14dd1a12b","2016-01-23",10,50,NA,NA
"13e509c14dd1a12b","2016-01-23",19,45,NA,NA
"13e509c14dd1a12b","2016-01-23",20,45,NA,NA
"13e509c14dd1a12b","2016-01-23",21,45,NA,NA
"13e509c14dd1a12b","2016-01-23",22,45,NA,NA
"13e509c14dd1a12b","2016-01-24",3,40,NA,NA
"13e509c14dd1a12b","2016-01-24",4,40,NA,NA
"13e509c14dd1a12b","2016-01-24",5,40,NA,NA
"13e509c14dd1a12b","2016-01-24",14,35,NA,NA
"13e509c14dd1a12b","2016-01-24",15,35,NA,NA
"13e509c14dd1a12b","2016-01-24",16,35,NA,NA
"13e509c14dd1a12b","2016-01-26",6,20,18,34
"13e509c14dd1a12b","2016-01-26",7,15,2,46
"13e509c14dd1a12b","2016-01-26",8,5,14,58
"13e509c14dd1a12b","2016-01-26",9,0,1,16
"13e509c14dd1a12b","2016-01-27",22,100,NA,NA
"13e509c14dd1a12b","2016-01-27",23,100,NA,NA
"13e509c14dd1a12b","2016-01-28",0,100,NA,NA
"13e509c14dd1a12b","2016-01-28",1,100,NA,NA
"13e509c14dd1a12b","2016-01-28",2,100,NA,NA
"13e509c14dd1a12b","2016-01-28",3,100,NA,NA
"13e509c14dd1a12b","2016-01-28",4,100,NA,NA
"13e509c14dd1a12b","2016-01-28",5,100,NA,5
"13e509c14dd1a12b","2016-01-28",6,95,NA,12
"13e509c14dd1a12b","2016-01-28",7,90,NA,55
"13e509c14dd1a12b","2016-01-28",8,85,NA,60
"13e509c14dd1a12b","2016-01-28",9,80,NA,29
"13e509c14dd1a12b","2016-01-30",22,25,NA,NA
"13e509c14dd1a12b","2016-01-30",23,25,NA,NA
"13e509c14dd1a12b","2016-01-31",4,20,NA,NA
"13e509c14dd1a12b","2016-01-31",5,20,NA,NA
"13e509c14dd1a12b","2016-01-31",6,20,NA,NA
"13e509c14dd1a12b","2016-01-31",7,20,NA,NA
"13e509c14dd1a12b","2016-01-31",17,15,NA,NA
"13e509c14dd1a12b","2016-01-31",18,15,NA,NA
"13e509c14dd1a12b","2016-01-31",19,15,NA,NA
"13e509c14dd1a12b","2016-02-01",1,15,NA,1
"13e509c14dd1a12b","2016-02-01",2,55,NA,NA
"13e509c14dd1a12b","2016-02-01",3,90,NA,NA
"13e509c14dd1a12b","2016-02-01",4,100,NA,NA
"13e509c14dd1a12b","2016-02-01",5,100,1,NA
"13e509c14dd1a12b","2016-02-01",6,100,NA,26
"13e509c14dd1a12b","2016-02-01",7,95,NA,47
"13e509c14dd1a12b","2016-02-01",8,95,NA,29
"13e509c14dd1a12b","2016-02-01",9,90,NA,26
"13e509c14dd1a12b","2016-02-01",10,90,NA,NA
"13e509c14dd1a12b","2016-02-01",19,85,NA,NA
"13e509c14dd1a12b","2016-02-01",20,85,NA,NA
"13e509c14dd1a12b","2016-02-01",21,85,NA,NA
"13e509c14dd1a12b","2016-02-02",22,80,NA,NA
"13e509c14dd1a12b","2016-02-02",23,80,NA,NA
"13e509c14dd1a12b","2016-02-03",7,75,NA,NA
"13e509c14dd1a12b","2016-02-03",8,75,NA,NA
"13e509c14dd1a12b","2016-02-03",9,75,NA,NA
"13e509c14dd1a12b","2016-02-03",16,70,NA,NA
"13e509c14dd1a12b","2016-02-03",17,70,NA,NA
"13e509c14dd1a12b","2016-02-03",18,70,NA,NA
"13e509c14dd1a12b","2016-02-04",0,65,NA,NA
"13e509c14dd1a12b","2016-02-04",1,65,NA,NA
"13e509c14dd1a12b","2016-02-04",2,65,NA,NA
"13e509c14dd1a12b","2016-02-04",3,65,NA,NA
"13e509c14dd1a12b","2016-02-04",11,60,NA,NA
"13e509c14dd1a12b","2016-02-04",12,60,NA,NA
"13e509c14dd1a12b","2016-02-04",14,55,42,4
"13e509c14dd1a12b","2016-02-04",16,50,41,4
"13e509c14dd1a12b","2016-02-04",17,45,55,9
"13e509c14dd1a12b","2016-02-04",18,40,20,NA
"13e509c14dd1a12b","2016-02-04",19,40,19,NA
"13e509c14dd1a12b","2016-02-04",20,35,14,NA
"13e509c14dd1a12b","2016-02-04",21,35,5,NA
"13e509c14dd1a12b","2016-02-04",23,30,8,NA
"13e509c14dd1a12b","2016-02-05",0,30,9,1
"13e509c14dd1a12b","2016-02-05",1,35,20,2
"13e509c14dd1a12b","2016-02-05",2,95,NA,NA
"13e509c14dd1a12b","2016-02-05",3,100,NA,NA
"13e509c14dd1a12b","2016-02-05",4,100,NA,NA
"13e509c14dd1a12b","2016-02-05",5,100,NA,NA
"13e509c14dd1a12b","2016-02-05",6,100,NA,NA
"13e509c14dd1a12b","2016-02-05",7,100,NA,NA
"13e509c14dd1a12b","2016-02-05",8,100,1,NA
"13e509c14dd1a12b","2016-02-05",9,100,NA,NA
"13e509c14dd1a12b","2016-02-05",10,100,NA,NA
"13e509c14dd1a12b","2016-02-05",11,100,NA,NA
"13e509c14dd1a12b","2016-02-05",12,100,1,1
"13e509c14dd1a12b","2016-02-05",13,100,16,NA
"13e509c14dd1a12b","2016-02-05",15,90,114,3
"13e509c14dd1a12b","2016-02-05",16,90,NA,2
"13e509c14dd1a12b","2016-02-05",18,85,23,NA
"13e509c14dd1a12b","2016-02-05",20,80,8,1
"13e509c14dd1a12b","2016-02-05",22,75,32,2
"13e509c14dd1a12b","2016-02-06",4,70,NA,NA
"13e509c14dd1a12b","2016-02-06",5,70,NA,NA
"13e509c14dd1a12b","2016-02-06",14,65,5,16
"13e509c14dd1a12b","2016-02-06",15,60,4,17
"13e509c14dd1a12b","2016-02-06",16,50,26,54
"13e509c14dd1a12b","2016-02-06",17,40,41,54
"13e509c14dd1a12b","2016-02-06",18,35,2,NA
"13e509c14dd1a12b","2016-02-06",19,35,2,19
"13e509c14dd1a12b","2016-02-06",20,30,NA,36
"13e509c14dd1a12b","2016-02-06",21,25,NA,46
"13e509c14dd1a12b","2016-02-06",22,25,NA,21
"13e509c14dd1a12b","2016-02-06",23,60,NA,NA
"13e509c14dd1a12b","2016-02-07",0,100,NA,NA
"13e509c14dd1a12b","2016-02-07",1,100,5,2
"13e509c14dd1a12b","2016-02-07",12,95,NA,NA
"13e509c14dd1a12b","2016-02-07",13,95,NA,NA
"13e509c14dd1a12b","2016-02-07",14,95,NA,NA
"13e509c14dd1a12b","2016-02-07",21,90,NA,4
"13e509c14dd1a12b","2016-02-07",22,85,NA,NA
"13e509c14dd1a12b","2016-02-08",6,80,NA,54
"13e509c14dd1a12b","2016-02-08",7,75,NA,59
"13e509c14dd1a12b","2016-02-08",8,70,NA,49
"13e509c14dd1a12b","2016-02-08",9,65,NA,63
"13e509c14dd1a12b","2016-02-08",11,60,NA,89
"13e509c14dd1a12b","2016-02-08",12,50,NA,46
"13e509c14dd1a12b","2016-02-08",21,45,NA,NA
"13e509c14dd1a12b","2016-02-08",23,45,NA,1
"13e509c14dd1a12b","2016-02-09",0,75,NA,NA
"13e509c14dd1a12b","2016-02-09",1,100,NA,NA
"13e509c14dd1a12b","2016-02-09",2,100,NA,NA
"13e509c14dd1a12b","2016-02-09",4,95,NA,NA
"13e509c14dd1a12b","2016-02-09",5,100,NA,NA
"13e509c14dd1a12b","2016-02-09",7,95,NA,61
"13e509c14dd1a12b","2016-02-09",8,90,NA,75
"13e509c14dd1a12b","2016-02-09",9,85,NA,47
"13e509c14dd1a12b","2016-02-09",10,80,NA,59
"13e509c14dd1a12b","2016-02-09",11,80,NA,57
"13e509c14dd1a12b","2016-02-09",12,75,NA,28
"13e509c14dd1a12b","2016-02-09",13,70,NA,NA
"13e509c14dd1a12b","2016-02-09",20,65,NA,NA
"13e509c14dd1a12b","2016-02-09",21,65,NA,NA
"13e509c14dd1a12b","2016-02-10",22,10,NA,1
"13e509c14dd1a12b","2016-02-10",23,20,NA,NA
"13e509c14dd1a12b","2016-02-11",0,60,NA,NA
"13e509c14dd1a12b","2016-02-11",1,95,NA,NA
"13e509c14dd1a12b","2016-02-11",2,100,NA,NA
"13e509c14dd1a12b","2016-02-11",3,100,NA,NA
"13e509c14dd1a12b","2016-02-11",4,100,NA,NA
"13e509c14dd1a12b","2016-02-11",5,100,NA,NA
"13e509c14dd1a12b","2016-02-11",6,100,NA,36
"13e509c14dd1a12b","2016-02-11",7,95,NA,45
"13e509c14dd1a12b","2016-02-11",8,90,NA,37
"13e509c14dd1a12b","2016-02-11",9,85,NA,34
"13e509c14dd1a12b","2016-02-11",10,80,NA,31
"13e509c14dd1a12b","2016-02-11",11,75,NA,40
"13e509c14dd1a12b","2016-02-11",12,70,NA,19
"13e509c14dd1a12b","2016-02-11",13,70,NA,NA
"13e509c14dd1a12b","2016-02-13",23,50,NA,NA
"13e509c14dd1a12b","2016-02-14",0,50,NA,NA
"13e509c14dd1a12b","2016-02-14",1,50,NA,NA
"13e509c14dd1a12b","2016-02-14",11,45,NA,NA
"13e509c14dd1a12b","2016-02-14",12,45,NA,NA
"13e509c14dd1a12b","2016-02-14",13,45,NA,NA
"13e509c14dd1a12b","2016-02-14",19,40,NA,NA
"13e509c14dd1a12b","2016-02-14",20,40,NA,NA
"13e509c14dd1a12b","2016-02-14",21,40,NA,NA
"13e509c14dd1a12b","2016-02-15",5,35,NA,NA
"13e509c14dd1a12b","2016-02-15",6,35,NA,NA
"13e509c14dd1a12b","2016-02-15",7,35,NA,NA
"13e509c14dd1a12b","2016-02-15",13,25,NA,NA
"13e509c14dd1a12b","2016-02-15",14,25,NA,NA
"13e509c14dd1a12b","2016-02-15",15,20,NA,NA
"13e509c14dd1a12b","2016-02-15",16,20,NA,NA
"13e509c14dd1a12b","2016-02-15",19,15,NA,NA
"13e509c14dd1a12b","2016-02-15",22,10,NA,NA
"13e509c14dd1a12b","2016-02-15",23,10,NA,1
"13e509c14dd1a12b","2016-02-16",1,95,NA,NA
"13e509c14dd1a12b","2016-02-16",2,100,NA,NA
"13e509c14dd1a12b","2016-02-16",3,100,NA,NA
"13e509c14dd1a12b","2016-02-16",4,100,NA,NA
"13e509c14dd1a12b","2016-02-16",5,100,NA,NA
"13e509c14dd1a12b","2016-02-16",6,95,NA,35
"13e509c14dd1a12b","2016-02-16",7,10,NA,46
"13e509c14dd1a12b","2016-02-17",23,10,NA,1
"13e509c14dd1a12b","2016-02-18",0,45,NA,NA
"13e509c14dd1a12b","2016-02-18",1,85,NA,NA
"13e509c14dd1a12b","2016-02-18",2,100,NA,NA
"13e509c14dd1a12b","2016-02-18",3,100,NA,NA
"13e509c14dd1a12b","2016-02-18",4,100,NA,NA
"13e509c14dd1a12b","2016-02-18",5,100,NA,NA
"13e509c14dd1a12b","2016-02-18",6,95,NA,46
"13e509c14dd1a12b","2016-02-18",7,95,NA,39
"13e509c14dd1a12b","2016-02-18",8,90,NA,39
"13e509c14dd1a12b","2016-02-18",9,85,NA,63
"13e509c14dd1a12b","2016-02-18",10,80,NA,65
"13e509c14dd1a12b","2016-02-18",11,75,NA,50
"13e509c14dd1a12b","2016-02-18",12,70,NA,34
"13e509c14dd1a12b","2016-02-18",16,65,NA,NA
"13e509c14dd1a12b","2016-02-18",17,65,NA,NA
"13e509c14dd1a12b","2016-02-18",18,65,NA,NA
"13e509c14dd1a12b","2016-02-18",19,65,NA,NA
"13e509c14dd1a12b","2016-02-20",3,60,NA,NA
"13e509c14dd1a12b","2016-02-20",4,60,NA,NA
"13e509c14dd1a12b","2016-02-20",11,55,NA,NA
"13e509c14dd1a12b","2016-02-20",12,55,NA,NA
"13e509c14dd1a12b","2016-02-20",13,55,NA,NA
"13e509c14dd1a12b","2016-02-20",14,55,NA,NA
"13e509c14dd1a12b","2016-02-20",20,50,NA,NA
"13e509c14dd1a12b","2016-02-20",21,50,NA,NA
"13e509c14dd1a12b","2016-02-21",23,40,NA,1
"13e509c14dd1a12b","2016-02-22",0,60,NA,NA
"13e509c14dd1a12b","2016-02-22",1,95,NA,NA
"13e509c14dd1a12b","2016-02-22",2,100,NA,NA
"13e509c14dd1a12b","2016-02-22",3,100,NA,NA
"13e509c14dd1a12b","2016-02-22",4,100,NA,NA
"13e509c14dd1a12b","2016-02-22",5,100,NA,NA
"13e509c14dd1a12b","2016-02-22",6,35,NA,34
"13e509c14dd1a12b","2016-02-23",11,30,NA,53
"13e509c14dd1a12b","2016-02-23",12,25,NA,26
"13e509c14dd1a12b","2016-02-23",15,20,NA,NA
"13e509c14dd1a12b","2016-02-23",16,20,NA,NA
"13e509c14dd1a12b","2016-02-23",17,20,NA,NA
"13e509c14dd1a12b","2016-02-23",23,20,NA,1
"13e509c14dd1a12b","2016-02-24",0,40,NA,NA
"13e509c14dd1a12b","2016-02-24",1,75,NA,NA
"13e509c14dd1a12b","2016-02-24",2,100,NA,NA
"13e509c14dd1a12b","2016-02-24",3,100,NA,NA
"13e509c14dd1a12b","2016-02-24",4,100,NA,NA
"13e509c14dd1a12b","2016-02-24",6,95,NA,45
"13e509c14dd1a12b","2016-02-24",7,90,NA,52
"13e509c14dd1a12b","2016-02-24",8,85,NA,47
"13e509c14dd1a12b","2016-02-24",9,80,NA,45
"13e509c14dd1a12b","2016-02-24",10,80,NA,37
"13e509c14dd1a12b","2016-02-24",11,75,NA,41
"13e509c14dd1a12b","2016-02-24",12,70,NA,29
"13e509c14dd1a12b","2016-02-24",18,65,NA,NA
"13e509c14dd1a12b","2016-02-24",19,65,NA,NA
"13e509c14dd1a12b","2016-02-24",20,65,NA,NA
"13e509c14dd1a12b","2016-02-24",21,65,NA,NA
"13e509c14dd1a12b","2016-02-24",22,65,NA,NA
"13e509c14dd1a12b","2016-02-25",3,60,NA,NA
"13e509c14dd1a12b","2016-02-25",4,60,NA,NA
"13e509c14dd1a12b","2016-02-25",6,55,NA,37
"13e509c14dd1a12b","2016-02-25",7,50,NA,26
"13e509c14dd1a12b","2016-02-25",8,45,NA,42
"13e509c14dd1a12b","2016-02-25",9,40,NA,46
"13e509c14dd1a12b","2016-02-25",10,35,NA,47
"13e509c14dd1a12b","2016-02-25",11,30,NA,54
"13e509c14dd1a12b","2016-02-25",12,20,NA,31
"13e509c14dd1a12b","2016-02-25",16,15,NA,NA
"13e509c14dd1a12b","2016-02-25",17,15,NA,NA
"13e509c14dd1a12b","2016-02-25",18,15,NA,NA
"13e509c14dd1a12b","2016-02-25",23,10,NA,1
"13e509c14dd1a12b","2016-02-26",0,25,NA,NA
"13e509c14dd1a12b","2016-02-26",1,65,NA,NA
"13e509c14dd1a12b","2016-02-26",2,95,NA,NA
"13e509c14dd1a12b","2016-02-26",3,100,NA,NA
"13e509c14dd1a12b","2016-02-26",6,95,4,28
"13e509c14dd1a12b","2016-02-26",7,90,4,42
"13e509c14dd1a12b","2016-02-26",8,85,7,52
"13e509c14dd1a12b","2016-02-26",9,75,6,39
"13e509c14dd1a12b","2016-02-26",10,70,5,65
"13e509c14dd1a12b","2016-02-26",11,60,5,40
"13e509c14dd1a12b","2016-02-26",12,55,7,30
"13e509c14dd1a12b","2016-02-26",13,65,48,NA
"13e509c14dd1a12b","2016-02-26",14,100,1,NA
"13e509c14dd1a12b","2016-02-26",17,100,156,NA
"13e509c14dd1a12b","2016-02-26",19,100,18,1
"13e509c14dd1a12b","2016-02-26",20,100,133,NA
"13e509c14dd1a12b","2016-02-26",21,100,8,NA
"13e509c14dd1a12b","2016-02-27",22,100,6,NA
"13e509c14dd1a12b","2016-02-27",23,100,10,NA
"13e509c14dd1a12b","2016-02-28",0,100,66,2
"13e509c14dd1a12b","2016-02-28",14,95,NA,NA
"13e509c14dd1a12b","2016-02-28",15,95,NA,NA
"13e509c14dd1a12b","2016-02-28",16,95,NA,NA
"13e509c14dd1a12b","2016-02-28",22,95,NA,1
"13e509c14dd1a12b","2016-02-28",23,100,NA,NA
"13e509c14dd1a12b","2016-02-29",0,100,NA,NA
"13e509c14dd1a12b","2016-02-29",1,100,NA,NA
"13e509c14dd1a12b","2016-02-29",2,100,NA,NA
"13e509c14dd1a12b","2016-02-29",3,100,NA,NA
"13e509c14dd1a12b","2016-02-29",4,100,NA,NA
"13e509c14dd1a12b","2016-02-29",5,100,NA,NA
"13e509c14dd1a12b","2016-02-29",6,100,14,27
"13e509c14dd1a12b","2016-02-29",7,95,9,35
"13e509c14dd1a12b","2016-02-29",8,90,12,42
"13e509c14dd1a12b","2016-02-29",9,85,22,43
"13e509c14dd1a12b","2016-02-29",10,75,10,42
"13e509c14dd1a12b","2016-02-29",11,70,70,46
"13e509c14dd1a12b","2016-02-29",12,65,82,42
"13e509c14dd1a12b","2016-02-29",13,60,6,NA
"13e509c14dd1a12b","2016-02-29",14,50,107,NA
"13e509c14dd1a12b","2016-02-29",15,45,15,NA
"13e509c14dd1a12b","2016-02-29",16,45,10,NA
"13e509c14dd1a12b","2016-02-29",17,40,NA,NA
"13e509c14dd1a12b","2016-02-29",18,40,NA,NA
"13e509c14dd1a12b","2016-02-29",21,35,NA,NA
"13e509c14dd1a12b","2016-03-01",23,30,NA,1
"13e509c14dd1a12b","2016-03-02",0,55,NA,NA
"13e509c14dd1a12b","2016-03-02",1,95,NA,NA
"13e509c14dd1a12b","2016-03-02",2,100,NA,NA
"13e509c14dd1a12b","2016-03-02",3,100,NA,NA
"13e509c14dd1a12b","2016-03-02",4,100,NA,NA
"13e509c14dd1a12b","2016-03-02",5,100,NA,NA
"13e509c14dd1a12b","2016-03-02",6,100,NA,NA
"13e509c14dd1a12b","2016-03-02",7,100,NA,NA
"13e509c14dd1a12b","2016-03-02",8,100,NA,NA
"13e509c14dd1a12b","2016-03-02",9,100,NA,NA
"13e509c14dd1a12b","2016-03-02",10,100,NA,NA
"13e509c14dd1a12b","2016-03-02",11,100,NA,NA
"13e509c14dd1a12b","2016-03-02",12,100,NA,NA
"13e509c14dd1a12b","2016-03-02",13,100,NA,NA
"13e509c14dd1a12b","2016-03-02",14,100,NA,NA
"13e509c14dd1a12b","2016-03-02",15,100,NA,NA
"13e509c14dd1a12b","2016-03-02",16,100,23,NA
"13e509c14dd1a12b","2016-03-02",17,100,58,2
"13e509c14dd1a12b","2016-03-02",18,100,204,8
"13e509c14dd1a12b","2016-03-02",19,90,110,2
"13e509c14dd1a12b","2016-03-02",21,85,212,NA
"13e509c14dd1a12b","2016-03-02",22,80,227,NA
"13e509c14dd1a12b","2016-03-02",23,75,62,NA
"13e509c14dd1a12b","2016-03-03",5,70,4,NA
"13e509c14dd1a12b","2016-03-03",6,65,23,46
"13e509c14dd1a12b","2016-03-03",7,55,72,66
"13e509c14dd1a12b","2016-03-03",8,55,8,48
"13e509c14dd1a12b","2016-03-03",9,50,33,47
"13e509c14dd1a12b","2016-03-03",10,40,15,66
"13e509c14dd1a12b","2016-03-03",11,30,18,46
"13e509c14dd1a12b","2016-03-03",12,20,21,17
"13e509c14dd1a12b","2016-03-03",13,20,90,5
"13e509c14dd1a12b","2016-03-03",14,85,19,NA
"13e509c14dd1a12b","2016-03-03",15,100,87,2
"13e509c14dd1a12b","2016-03-03",16,100,270,NA
"13e509c14dd1a12b","2016-03-03",17,100,53,NA
"13e509c14dd1a12b","2016-03-03",18,100,29,NA
"13e509c14dd1a12b","2016-03-03",19,100,184,1
"13e509c14dd1a12b","2016-03-03",20,100,200,10
"13e509c14dd1a12b","2016-03-03",21,100,440,2
"13e509c14dd1a12b","2016-03-06",3,30,NA,NA
"13e509c14dd1a12b","2016-03-06",15,20,NA,NA
"13e509c14dd1a12b","2016-03-06",16,20,NA,NA
"10a38b2ac882353c","2016-01-11",16,NA,6,3
"10a38b2ac882353c","2016-01-12",11,NA,8,11
"10a38b2ac882353c","2016-01-12",23,NA,7,4
"10a38b2ac882353c","2016-01-13",2,NA,4,1
"10a38b2ac882353c","2016-01-13",4,NA,7,2
"10a38b2ac882353c","2016-01-13",7,NA,9,7
"10a38b2ac882353c","2016-01-13",15,NA,14,15
"10a38b2ac882353c","2016-01-13",21,NA,1,NA
"11089d01dd0d954e","2016-04-22",17,NA,7,NA
"11089d01dd0d954e","2016-04-22",18,NA,6,1
"11089d01dd0d954e","2016-04-23",6,NA,19,25
"11089d01dd0d954e","2016-04-23",15,NA,7,NA
"11089d01dd0d954e","2016-04-23",17,NA,18,3
"11089d01dd0d954e","2016-04-23",19,NA,60,NA
"11089d01dd0d954e","2016-04-23",20,NA,3,NA
"11091721ea79dbdf","2016-01-01",7,NA,1,NA
"11091721ea79dbdf","2016-04-24",8,NA,10,5
"11091721ea79dbdf","2016-04-24",10,NA,2,15
"11091721ea79dbdf","2016-04-24",12,NA,1,10
"11091721ea79dbdf","2016-04-24",17,NA,2,11
"11091721ea79dbdf","2016-04-25",8,NA,16,3
"11091721ea79dbdf","2016-04-25",11,NA,16,NA
"11091721ea79dbdf","2016-04-25",14,NA,5,14
"11091721ea79dbdf","2016-04-27",9,NA,10,NA
"11091721ea79dbdf","2016-04-27",12,NA,7,3
"11091721ea79dbdf","2016-04-27",14,NA,7,12
"11091721ea79dbdf","2016-04-28",11,NA,7,1
"11091721ea79dbdf","2016-05-02",11,NA,7,NA
"11091721ea79dbdf","2016-05-03",10,NA,7,5
"11091721ea79dbdf","2016-05-04",11,NA,9,2
"11091721ea79dbdf","2016-05-05",6,NA,24,1
"11091721ea79dbdf","2016-05-05",12,NA,14,1
"11091721ea79dbdf","2016-05-06",19,NA,3,29
"11091721ea79dbdf","2016-05-07",10,NA,25,33
"11091721ea79dbdf","2016-05-07",15,NA,68,10
"11091721ea79dbdf","2016-05-08",10,NA,16,6
"11091721ea79dbdf","2016-05-10",1,NA,3,12
"11091721ea79dbdf","2016-05-12",1,NA,2,NA
"11091721ea79dbdf","2016-05-12",11,NA,5,6
"11091721ea79dbdf","2016-05-14",11,NA,2,NA
"11091721ea79dbdf","2016-05-17",7,NA,19,5
"11091721ea79dbdf","2016-05-17",10,NA,81,2
"11091721ea79dbdf","2016-05-17",14,NA,7,6
"11091721ea79dbdf","2016-05-17",17,NA,7,1
"11091721ea79dbdf","2016-05-18",3,NA,6,17
"11091721ea79dbdf","2016-05-18",15,NA,3,2
"11091721ea79dbdf","2016-05-19",17,NA,4,9
"11091721ea79dbdf","2016-05-21",6,NA,4,30
"11091721ea79dbdf","2016-05-21",10,NA,5,1
"11091721ea79dbdf","2016-05-21",13,NA,20,NA
"11091721ea79dbdf","2016-05-21",20,NA,1,8
"11091721ea79dbdf","2016-05-23",16,NA,1,NA
"11091721ea79dbdf","2016-05-25",12,NA,4,3
"11091721ea79dbdf","2016-05-26",16,NA,14,2
"11091721ea79dbdf","2016-05-28",4,NA,3,7
"11091721ea79dbdf","2016-05-28",8,NA,1,NA
"11091721ea79dbdf","2016-05-28",9,NA,3,2
"11091721ea79dbdf","2016-05-28",15,NA,2,2
"11091721ea79dbdf","2016-05-29",9,NA,2,9
"11091721ea79dbdf","2016-05-29",12,NA,2,8
"11091721ea79dbdf","2016-05-30",7,NA,10,2
"11091721ea79dbdf","2016-05-30",10,NA,2,3
"11091721ea79dbdf","2016-05-31",11,NA,3,10
"11091721ea79dbdf","2016-06-02",6,NA,29,4
"11091721ea79dbdf","2016-06-02",10,NA,12,1
"11091721ea79dbdf","2016-06-02",11,NA,4,3
"11091721ea79dbdf","2016-06-02",16,NA,1,NA
"11091721ea79dbdf","2016-06-03",9,NA,11,6
"11091721ea79dbdf","2016-06-03",14,NA,2,NA
"11091721ea79dbdf","2016-06-04",5,NA,3,9
"11091721ea79dbdf","2016-06-04",13,NA,2,9
"11091721ea79dbdf","2016-06-04",20,NA,1,19
"11091721ea79dbdf","2016-06-06",9,NA,8,9
"11091721ea79dbdf","2016-06-06",11,NA,9,5
"11091721ea79dbdf","2016-06-06",14,NA,9,22
"11091721ea79dbdf","2016-06-06",16,NA,10,NA
"11091721ea79dbdf","2016-06-07",6,NA,4,1
"11091721ea79dbdf","2016-06-07",8,NA,6,3
"11091721ea79dbdf","2016-06-07",10,NA,3,6
"11091721ea79dbdf","2016-06-07",12,NA,9,2
"11091721ea79dbdf","2016-06-07",15,NA,9,6
"11091721ea79dbdf","2016-06-08",13,NA,14,46
"11091721ea79dbdf","2016-06-08",18,NA,3,10
"11091721ea79dbdf","2016-06-09",6,NA,15,14
"11091721ea79dbdf","2016-06-09",13,NA,14,3
"11091721ea79dbdf","2016-06-09",15,NA,10,31
"11091721ea79dbdf","2016-06-09",17,NA,2,20
"11091721ea79dbdf","2016-06-10",6,NA,13,6
"11091721ea79dbdf","2016-06-10",8,NA,8,4
"11091721ea79dbdf","2016-06-10",13,NA,11,17
"11091721ea79dbdf","2016-06-10",15,NA,2,11
"11091721ea79dbdf","2016-06-10",17,NA,1,4
"11091721ea79dbdf","2016-06-11",6,NA,6,1
"11091721ea79dbdf","2016-06-11",8,NA,3,8
"11091721ea79dbdf","2016-06-11",14,NA,9,8
"11091721ea79dbdf","2016-06-11",19,NA,1,6
"11091721ea79dbdf","2016-06-13",10,NA,13,3
"11091721ea79dbdf","2016-06-13",12,NA,10,8
"11091721ea79dbdf","2016-06-13",16,NA,6,6
"11091721ea79dbdf","2016-06-14",6,NA,9,9
"11091721ea79dbdf","2016-06-14",8,NA,11,4
"11091721ea79dbdf","2016-06-14",11,NA,6,14
"11091721ea79dbdf","2016-06-14",13,NA,20,1
"11091721ea79dbdf","2016-06-15",5,NA,16,7
"11091721ea79dbdf","2016-06-15",7,NA,6,3
"11091721ea79dbdf","2016-06-15",10,NA,17,4
"11091721ea79dbdf","2016-06-15",12,NA,10,2
"11091721ea79dbdf","2016-06-15",17,NA,4,5
"11091721ea79dbdf","2016-06-16",8,NA,14,10
"11091721ea79dbdf","2016-06-17",10,NA,11,2
"11091721ea79dbdf","2016-06-17",13,NA,11,NA
"11091721ea79dbdf","2016-06-17",15,NA,8,5
"11091721ea79dbdf","2016-06-17",18,NA,1,7
"11091721ea79dbdf","2016-06-18",6,NA,10,4
"11091721ea79dbdf","2016-06-18",9,NA,5,1
"11091721ea79dbdf","2016-06-18",12,NA,2,7
"11091721ea79dbdf","2016-06-19",16,NA,2,13
"11091721ea79dbdf","2016-06-21",6,NA,8,1
"11091721ea79dbdf","2016-06-21",9,NA,16,5
"11091721ea79dbdf","2016-06-21",11,NA,9,3
"11091721ea79dbdf","2016-06-21",14,NA,6,8
"11091721ea79dbdf","2016-06-22",7,NA,7,22
"11091721ea79dbdf","2016-06-22",10,NA,28,2
"11091721ea79dbdf","2016-06-22",13,NA,10,4
"11091721ea79dbdf","2016-06-22",17,NA,2,17
"11091721ea79dbdf","2016-06-22",19,NA,1,4
"13e509c14dd1a12b","2016-01-14",5,NA,10,NA
"13e509c14dd1a12b","2016-01-14",6,NA,61,NA
"13e509c14dd1a12b","2016-01-14",7,NA,26,NA
"13e509c14dd1a12b","2016-01-14",8,NA,42,NA
"13e509c14dd1a12b","2016-01-14",9,NA,1,NA
"13e509c14dd1a12b","2016-01-14",10,NA,3,NA
"13e509c14dd1a12b","2016-01-14",11,NA,11,1
"13e509c14dd1a12b","2016-01-14",12,NA,3,35
"13e509c14dd1a12b","2016-01-14",13,NA,24,6
"13e509c14dd1a12b","2016-01-27",10,NA,1,NA
"13e509c14dd1a12b","2016-02-04",15,NA,2,NA
"13e509c14dd1a12b","2016-02-04",22,NA,2,NA
"13e509c14dd1a12b","2016-02-05",14,NA,25,NA
"13e509c14dd1a12b","2016-02-05",17,NA,43,3
"13e509c14dd1a12b","2016-02-05",19,NA,29,NA
"13e509c14dd1a12b","2016-02-05",21,NA,7,NA
"13e509c14dd1a12b","2016-02-07",11,NA,1,NA
"13e509c14dd1a12b","2016-02-26",5,NA,18,NA
"13e509c14dd1a12b","2016-02-26",15,NA,2,NA
"13e509c14dd1a12b","2016-02-26",16,NA,43,NA
"13e509c14dd1a12b","2016-02-26",18,NA,34,NA
"13e509c14dd1a12b","2016-03-02",20,NA,53,NA
"10a38b2ac882353c","2016-01-22",1,NA,NA,1
"10a38b2ac882353c","2016-01-22",7,NA,NA,1
"10a38b2ac882353c","2016-01-22",16,NA,NA,3
"10a38b2ac882353c","2016-01-22",19,NA,NA,3
"10a38b2ac882353c","2016-01-22",20,NA,NA,3
"11091721ea79dbdf","2016-04-25",18,NA,NA,4
"11091721ea79dbdf","2016-05-06",10,NA,NA,3
"11091721ea79dbdf","2016-05-08",17,NA,NA,11
"11091721ea79dbdf","2016-05-10",17,NA,NA,1
"11091721ea79dbdf","2016-05-14",13,NA,NA,5
"11091721ea79dbdf","2016-05-17",18,NA,NA,1
"11091721ea79dbdf","2016-05-28",19,NA,NA,26
"11091721ea79dbdf","2016-05-30",19,NA,NA,2
"11091721ea79dbdf","2016-06-04",9,NA,NA,5
"11091721ea79dbdf","2016-06-04",11,NA,NA,11
"11091721ea79dbdf","2016-06-13",18,NA,NA,7
"11091721ea79dbdf","2016-06-17",21,NA,NA,7
"11091721ea79dbdf","2016-06-19",6,NA,NA,2
"11091721ea79dbdf","2016-06-19",19,NA,NA,7
"13b727ab00aa5941","2016-02-19",11,NA,NA,1
"13b727ab00aa5941","2016-02-20",12,NA,NA,1
"13e509c14dd1a12b","2016-01-15",13,NA,NA,8
"13e509c14dd1a12b","2016-01-18",5,NA,NA,1
"13e509c14dd1a12b","2016-01-18",6,NA,NA,28
"13e509c14dd1a12b","2016-01-18",8,NA,NA,51
"13e509c14dd1a12b","2016-01-18",12,NA,NA,37
"13e509c14dd1a12b","2016-01-18",16,NA,NA,1
"13e509c14dd1a12b","2016-01-20",10,NA,NA,28
"13e509c14dd1a12b","2016-01-21",13,NA,NA,3
"13e509c14dd1a12b","2016-02-03",19,NA,NA,1
"13e509c14dd1a12b","2016-02-08",10,NA,NA,38
"13e509c14dd1a12b","2016-02-09",6,NA,NA,43
"13e509c14dd1a12b","2016-02-15",0,NA,NA,1
"13e509c14dd1a12b","2016-02-16",8,NA,NA,55
"13e509c14dd1a12b","2016-02-16",9,NA,NA,46
"13e509c14dd1a12b","2016-02-16",10,NA,NA,64
"13e509c14dd1a12b","2016-02-16",11,NA,NA,57
"13e509c14dd1a12b","2016-02-16",12,NA,NA,37
"13e509c14dd1a12b","2016-02-16",13,NA,NA,2
"13e509c14dd1a12b","2016-02-16",16,NA,NA,1
"13e509c14dd1a12b","2016-02-17",6,NA,NA,34
"13e509c14dd1a12b","2016-02-17",7,NA,NA,55
"13e509c14dd1a12b","2016-02-17",8,NA,NA,49
"13e509c14dd1a12b","2016-02-17",9,NA,NA,38
"13e509c14dd1a12b","2016-02-17",10,NA,NA,66
"13e509c14dd1a12b","2016-02-17",11,NA,NA,48
"13e509c14dd1a12b","2016-02-17",12,NA,NA,37
"13e509c14dd1a12b","2016-02-17",13,NA,NA,27
"13e509c14dd1a12b","2016-02-22",7,NA,NA,36
"13e509c14dd1a12b","2016-02-22",8,NA,NA,36
"13e509c14dd1a12b","2016-02-22",9,NA,NA,46
"13e509c14dd1a12b","2016-02-22",10,NA,NA,42
"13e509c14dd1a12b","2016-02-22",11,NA,NA,60
"13e509c14dd1a12b","2016-02-22",12,NA,NA,41
"13e509c14dd1a12b","2016-02-22",23,NA,NA,1
"13e509c14dd1a12b","2016-02-23",6,NA,NA,18
"13e509c14dd1a12b","2016-02-23",7,NA,NA,54
"13e509c14dd1a12b","2016-02-23",8,NA,NA,45
"13e509c14dd1a12b","2016-02-23",9,NA,NA,47
"13e509c14dd1a12b","2016-02-23",10,NA,NA,43
"13e509c14dd1a12b","2016-02-24",17,NA,NA,1
"13e509c14dd1a12b","2016-02-25",5,NA,NA,1
